date,tmax
2021-02-19,19.6
2021-02-20,16.3
2021-02-21,13.6
2021-02-22,12.9
2021-02-23,15.3
2021-02-24,14.9
2021-02-25,13.9
2021-02-26,14.4
2021-02-27,13.2
2021-02-28,14.9
2021-03-01,15.9
2021-03-02,17.0
2021-03-03,17.2
2021-03-04,14.5
2021-03-05,13.4
2021-03-06,13.3
2021-03-07,14.6
2021-03-09,14.5
2021-03-10,16.7
2021-03-11,18.6
2021-03-12,18.2
2021-03-13,18.8
2021-03-14,19.5
2021-03-15,19.4
2021-03-16,18.1
2021-03-17,18.3
2021-03-18,19.4
2021-03-19,14.2
2021-03-20,13.9
2021-03-21,15.3
2021-03-22,17.7
2021-03-23,20.1
2021-03-24,22.0
2021-03-25,22.5
2021-03-26,23.0
2021-03-27,21.0
2021-03-28,17.0
2021-03-29,19.6
2021-03-30,21.4
2021-03-31,22.0
2021-04-01,22.1
2021-04-02,20.2
2021-04-03,20.6
2021-04-05,19.1
2021-04-06,25.0
2021-04-07,23.1
2021-04-08,15.6
2021-04-09,19.0
2021-04-10,20.0
2021-04-11,21.2
2021-04-12,19.4
2021-04-13,19.3
2021-04-14,15.2
2021-04-15,15.7
2021-04-16,17.6
2021-04-17,20.7
2021-04-18,22.0
2021-04-19,23.8
2021-04-20,21.5
2021-04-21,21.4
2021-04-22,22.2
2021-04-23,18.7
2021-04-24,16.2
2021-04-25,16.3
2021-04-26,18.4
2021-05-21,30.9
2021-05-22,28.7
2021-05-23,23.2
2021-05-24,26.1
2021-05-25,26.8
2021-05-26,24.4
2021-05-27,20.1
2021-05-28,25.1
2021-05-29,28.0
2021-05-30,25.9
2021-05-31,29.2
2021-06-01,25.8
2021-06-02,28.0
2021-06-03,27.3
2021-06-04,26.1
2021-06-05,22.7
2021-06-06,31.1
2021-06-07,30.0
2021-06-08,32.0
2021-06-09,33.3
2021-06-10,32.4
2021-06-11,30.9
2021-06-12,28.2
2021-06-13,29.5
2021-06-14,33.0
2021-06-15,31.2
2021-06-16,29.1
2021-06-17,24.6
2021-06-18,25.6
2021-06-19,25.4
2021-06-21,25.5
2021-06-22,26.7
2021-06-23,30.4
2021-06-24,27.1
2021-06-25,26.9
2021-06-26,32.1
2021-06-27,32.4
2021-06-28,30.6
2021-06-29,32.5
2021-06-30,32.2
2021-07-01,33.1
2021-07-02,36.2
2021-07-03,35.0
2021-07-04,34.1
2021-07-05,37.0
2021-07-06,32.8
2021-07-07,30.7
2021-07-08,30.6
2021-07-09,29.2
2021-07-10,33.7
2021-07-11,37.5
2021-07-12,34.0
2021-07-13,31.9
2021-07-14,29.7
2021-07-15,29.2
2021-07-16,31.3
2021-07-17,36.3
2021-07-18,35.2
2021-07-19,35.8
2021-07-20,33.6
2021-07-21,35.0
2021-07-22,36.0
2021-07-23,38.2
2021-07-24,36.0
2021-07-25,32.8
2021-07-26,31.6
2021-07-27,30.8
2021-07-28,33.8
2021-07-29,33.3
2021-07-30,37.1
2021-07-31,29.3
2021-08-01,30.4
2021-08-02,30.5
2021-08-03,31.0
2021-08-04,34.0
2021-08-05,36.3
2021-08-06,36.3
2021-08-07,31.8
2021-08-08,33.8
2021-08-09,29.1
2021-08-10,31.4
2021-08-11,34.5
2021-08-12,36.7
2021-08-13,39.9
2021-08-14,41.7
2021-08-15,42.3
2021-08-16,42.4
2021-08-17,32.2
2021-08-18,31.9
2021-08-19,31.7
2021-08-20,32.8
2021-08-21,34.1
2021-08-22,33.0
2021-08-23,32.2
2021-08-24,31.5
2021-08-25,30.9
2021-08-26,30.8
2021-08-27,35.3
2021-08-28,31.4
2021-08-29,30.2
2021-08-30,31.1
2021-08-31,30.3
2021-09-02,29.2
2021-09-03,30.9
2021-09-04,32.1
2021-09-05,30.9
2021-09-06,32.2
2021-09-07,33.9
2021-09-09,26.5
2021-09-10,30.7
2021-09-11,32.0
2021-09-12,32.0
2021-09-14,26.5
2021-09-18,29.6
2021-09-19,30.2
2021-09-20,29.9
2021-09-21,25.7
2021-09-22,25.9
2021-09-23,26.3
2021-09-24,24.3
2021-09-25,25.1
2021-09-26,28.9
2021-09-27,29.7
2021-09-28,29.5
2021-09-29,29.7
2021-09-30,27.1
2021-10-01,28.6
2021-10-02,28.9
2021-10-03,23.9
2021-10-04,21.0
2021-10-05,25.1
2021-10-08,28.3
2021-10-09,25.1
2021-10-10,23.7
2021-10-11,24.5
2021-10-12,24.6
2021-10-13,26.4
2021-10-15,26.2
2021-10-16,27.7
2021-10-17,26.7
2021-10-18,26.7
2021-10-19,23.8
2021-10-20,26.3
2021-10-22,21.6
2021-10-23,22.2
2021-10-24,22.4
2021-10-25,22.3
2021-10-26,21.2
2021-10-27,22.2
2021-10-28,22.2
2021-10-29,22.3
2021-10-30,23.3
2021-10-31,21.5
2021-11-01,22.5
2021-11-02,17.7
2021-11-03,14.7
2021-11-04,14.2
2021-11-05,14.7
2021-11-06,14.8
2021-11-07,15.2
2021-11-08,17.2
2021-11-09,18.6
2021-11-10,19.0
2021-11-11,17.9
2021-11-12,18.3
2021-11-13,20.1
2021-11-14,20.8
2021-11-15,18.0
2021-11-16,18.2
2021-11-17,17.5
2021-11-18,17.4
2021-11-19,19.8
2021-11-20,17.0
2021-11-21,16.0
2021-11-22,15.4
2021-11-23,12.6
2021-11-24,11.8
2021-11-25,12.7
2021-11-26,11.0
2021-11-27,11.7
2021-11-28,8.9
2021-11-29,12.3
2021-11-30,13.8
2021-12-01,13.1
2021-12-02,12.1
2021-12-03,13.0
2021-12-04,13.8
2021-12-05,12.0
2021-12-06,12.6
2021-12-07,16.9
2021-12-08,13.4
2021-12-09,13.3
2021-12-10,12.6
2021-12-11,16.2
2021-12-12,19.1
2021-12-13,17.1
2021-12-14,14.9
2021-12-15,13.8
2021-12-16,14.8
2021-12-17,14.4
2021-12-18,14.4
2021-12-19,14.4
2021-12-20,15.3
2021-12-21,20.8
2021-12-22,16.4
2021-12-23,14.1
2021-12-24,12.8
2021-12-25,15.6
2021-12-26,16.2
2021-12-27,16.6
2021-12-28,16.3
2021-12-29,17.5
2021-12-30,23.1
2021-12-31,21.5
2022-01-01,19.3
2022-01-02,19.4
2022-01-03,20.7
2022-01-04,17.0
2022-01-05,10.7
2022-01-06,11.6
2022-01-07,12.9
2022-01-08,14.2
2022-01-09,13.3
2022-01-10,12.2
2022-01-11,15.4
2022-01-12,12.6
2022-01-13,12.4
2022-01-14,13.0
2022-01-15,13.1
2022-01-16,13.8
2022-01-17,13.8
2022-01-18,13.6
2022-01-19,13.9
2022-01-20,13.9
2022-01-21,12.5
2022-01-22,13.4
2022-01-23,12.2
2022-01-24,11.7
2022-01-25,12.4
2022-01-26,13.4
2022-01-27,13.9
2022-01-28,15.6
2022-01-29,17.2
2022-01-30,17.4
2022-01-31,19.0
2022-02-01,15.8
2022-02-02,20.9
2022-02-03,20.6
2022-02-04,14.7
2022-02-05,17.7
2022-02-06,15.4
2022-02-07,17.3
2022-02-08,14.6
2022-02-09,14.9
2022-02-10,17.2
2022-02-11,19.1
2022-02-12,15.7
2022-02-13,16.1
2022-02-14,14.0
2022-02-15,15.8
2022-02-16,16.6
2022-02-17,22.0
2022-02-18,21.6
2022-02-19,14.6
2022-02-20,16.0
2022-02-21,19.5
2022-02-22,21.7
2022-02-23,19.2
2022-02-24,20.6
2022-02-25,15.4
2022-02-26,15.6
2022-02-27,16.2
2022-02-28,13.9
2022-03-01,18.1
2022-03-02,19.8
2022-03-03,17.6
2022-03-04,12.9
2022-03-05,13.8
2022-03-06,15.7
2022-03-07,14.9
2022-03-08,14.6
2022-03-09,17.2
2022-03-10,17.7
2022-03-11,15.1
2022-03-12,15.1
2022-03-13,16.7
2022-03-14,10.5
2022-03-15,13.9
2022-03-16,12.3
2022-03-17,16.2
2022-03-18,15.9
2022-03-19,16.4
2022-03-20,16.7
2022-03-21,14.4
2022-03-22,16.7
2022-03-23,15.6
2022-03-24,14.1
2022-03-25,12.7
2022-03-26,16.4
2022-03-27,16.6
2022-03-28,15.0
2022-03-29,16.6
2022-03-30,16.3
2022-03-31,15.6
2022-04-01,15.6
2022-04-02,14.7
2022-04-03,12.6
2022-04-04,14.6
2022-04-05,9.8
2022-04-06,13.5
2022-04-07,18.7
2022-04-08,19.3
2022-04-09,21.4
2022-04-10,21.7
2022-04-11,18.7
2022-04-12,16.1
2022-04-13,17.8
2022-04-14,20.8
2022-04-15,22.7
2022-04-16,26.1
2022-04-17,26.8
2022-04-18,25.9
2022-04-19,19.9
2022-04-20,12.5
2022-04-21,17.5
2022-04-22,15.4
2022-04-23,14.7
2022-04-24,18.1
2022-04-25,21.0
2022-04-26,19.2
2022-04-27,18.9
2022-04-28,19.8
2022-04-29,21.6
2022-04-30,22.6
2022-05-01,25.8
2022-05-02,20.2
2022-05-03,18.4
2022-05-04,17.6
2022-05-05,22.0
2022-05-06,25.2
2022-05-07,25.9
2022-05-08,26.9
2022-05-09,25.8
2022-05-10,24.5
2022-05-11,24.9
2022-05-12,25.4
2022-05-13,28.3
2022-05-14,27.6
2022-05-15,26.2
2022-05-16,27.7
2022-05-17,31.4
2022-05-18,29.2
2022-05-19,29.4
2022-05-20,30.1
2022-05-21,31.1
2022-05-22,28.2
2022-05-23,28.8
2022-05-24,26.0
2022-05-25,25.5
2022-05-26,23.4
2022-05-27,28.1
2022-05-28,30.2
2022-05-29,28.2
2022-05-30,25.1
2022-05-31,31.7
2022-06-01,28.9
2022-06-02,24.4
2022-06-03,26.9
2022-06-04,25.8
2022-06-05,31.7
2022-06-06,33.4
2022-06-07,34.6
2022-06-08,31.8
2022-06-09,33.1
2022-06-10,29.7
2022-06-11,31.2
2022-06-12,32.6
2022-06-13,36.8
2022-06-14,38.0
2022-06-15,34.5
2022-06-16,33.8
2022-06-17,35.5
2022-06-18,33.8
2022-06-19,30.3
2022-06-20,28.9
2022-06-21,27.5
2022-06-22,24.5
2022-06-23,26.9
2022-06-24,28.3
2022-06-25,29.5
2022-06-26,28.7
2022-06-27,28.2
2022-06-28,29.7
2022-06-29,32.9
2022-06-30,31.6
2022-07-01,28.9
2022-07-02,29.6
2022-07-03,32.7
2022-07-04,34.3
2022-07-05,35.5
2022-07-06,34.5
2022-07-07,32.6
2022-07-08,32.1
2022-07-09,31.2
2022-07-10,32.5
2022-07-11,32.4
2022-07-12,31.9
2022-07-13,34.6
2022-07-14,35.3
2022-07-15,33.9
2022-07-16,34.1
2022-07-17,33.9
2022-07-18,33.9
2022-07-19,35.9
2022-07-20,36.3
2022-07-21,33.0
2022-07-22,36.1
2022-07-23,39.2
2022-07-24,40.7
2022-07-25,41.1
2022-07-26,38.4
2022-07-27,35.3
2022-07-28,36.3
2022-07-29,36.7
2022-07-30,30.6
2022-07-31,35.8
2022-08-01,33.3
2022-08-02,34.7
2022-08-03,35.8
2022-08-04,33.3
2022-08-05,34.2
2022-08-06,33.3
2022-08-07,34.0
2022-08-08,33.8
2022-08-09,30.4
2022-08-10,32.3
2022-08-11,34.7
2022-08-12,35.9
2022-08-13,36.4
2022-08-14,35.5
2022-08-15,31.4
2022-08-16,30.4
2022-08-17,29.3
2022-08-18,33.0
2022-08-19,31.2
2022-08-20,32.6
2022-08-21,37.9
2022-08-22,38.2
2022-08-23,31.9
2022-08-25,33.3
2022-08-26,32.5
2022-08-27,30.8
2022-08-28,30.7
2022-08-29,29.9
2022-08-30,33.4
2022-08-31,35.1
2022-09-01,32.4
2022-09-02,32.4
2022-09-03,31.0
2022-09-04,29.8
2022-09-05,30.1
2022-09-06,31.1
2022-09-07,30.4
2022-09-08,32.0
2022-09-09,34.1
2022-09-10,33.7
2022-09-11,32.7
2022-09-12,30.3
2022-09-13,26.6
2022-09-14,28.1
2022-09-15,26.3
2022-09-16,29.2
2022-09-17,30.3
2022-09-18,27.5
2022-09-19,28.4
2022-09-20,30.0
2022-09-21,28.6
2022-09-22,28.3
2022-09-23,28.9
2022-09-24,29.9
2022-09-25,26.2
2022-09-26,24.3
2022-09-27,25.6
2022-09-28,25.7
2022-09-29,22.6
2022-09-30,22.5
2022-10-01,23.5
2022-10-02,26.2
2022-10-03,30.2
2022-10-04,30.3
2022-10-05,27.1
2022-10-06,25.3
2022-10-07,24.9
2022-10-08,25.7
2022-10-09,25.4
2022-10-10,23.5
2022-10-11,23.9
2022-10-12,24.8
2022-10-13,25.1
2022-10-14,28.0
2022-10-15,28.5
2022-10-16,28.7
2022-10-17,27.9
2022-10-18,28.0
2022-10-19,27.6
2022-10-20,23.4
2022-10-21,25.6
2022-10-22,25.6
2022-10-23,27.8
2022-10-24,27.6
2022-10-25,29.0
2022-10-26,30.8
2022-10-27,29.7
2022-10-28,27.1
2022-10-29,23.4
2022-10-30,23.9
2022-10-31,21.4
2022-11-01,26.3
2022-11-02,24.4
2022-11-03,20.0
2022-11-04,21.0
2022-11-05,23.2
2022-11-06,22.6
2022-11-07,24.5
2022-11-08,20.4
2022-11-09,19.3
2022-11-10,21.6
2022-11-11,20.6
2022-11-12,22.8
2022-11-13,22.1
2022-11-14,20.6
2022-11-15,20.0
2022-11-16,17.5
2022-11-17,19.1
2022-11-18,15.5
2022-11-19,13.5
2022-11-20,15.2
2022-11-21,16.8
2022-11-22,14.6
2022-11-23,17.4
2022-11-24,18.9
2022-11-25,18.6
2022-11-26,19.8
2022-11-27,21.9
2023-01-04,15.5
2023-01-05,15.6
2023-01-14,16.8
2023-01-15,14.3
2023-01-16,11.3
2023-01-17,14.6
2023-01-18,10.5
2023-01-19,9.9
2023-01-20,12.3
2023-01-21,11.9
2023-01-22,10.7
2023-01-23,10.2
2023-01-24,9.1
2023-01-25,10.7
2023-01-26,8.8
2023-01-27,10.0
2023-01-28,10.2
2023-01-29,12.1
2023-01-30,11.8
2023-01-31,14.3
2023-02-01,14.9
2023-02-02,13.9
2023-02-03,16.2
2023-02-04,16.6
2023-02-05,18.1
2023-02-06,17.5
2023-02-07,10.7
2023-02-08,11.6
2023-02-09,13.8
2023-02-10,11.9
2023-02-11,13.2
2023-02-12,14.9
2023-02-13,14.4
2023-02-14,14.4
2023-02-15,15.4
2023-02-16,17.1
2023-02-17,14.6
2023-02-18,17.6
2023-02-19,17.0
2023-02-21,20.6
2023-02-25,11.2
2023-02-26,12.7
2023-02-27,11.6
2023-02-28,12.1
2023-03-01,12.5
2023-03-02,12.6
2023-03-03,15.8
2023-03-04,15.4
2023-03-05,16.0
2023-03-06,15.1
2023-03-07,16.6
2023-03-08,19.6
2023-03-09,19.3
2023-03-10,19.9
2023-03-12,26.5
2023-03-13,23.2
2023-03-14,19.4
2023-03-15,22.1
2023-03-16,22.2
2023-03-17,19.0
2023-03-18,17.4
2023-03-19,20.5
2023-03-20,19.9
2023-03-21,23.4
2023-03-22,24.4
2023-03-23,25.4
2023-03-24,21.9
2023-03-25,26.4
2023-03-26,24.3
2023-03-27,23.1
2023-03-28,21.4
2023-03-29,23.3
2023-03-30,26.9
2023-03-31,25.3
2023-04-01,22.7
2023-04-02,22.9
2023-04-04,18.8
2023-04-05,19.6
2023-04-06,20.9
2023-04-07,20.5
2023-04-08,26.7
2023-04-09,28.0
2023-04-10,28.8
2023-04-11,29.0
2023-04-12,24.0
2023-04-13,20.7
2023-04-14,23.7
2023-04-15,26.9
2023-04-16,23.2
2023-04-17,22.4
2023-04-18,21.2
2023-04-19,20.5
2023-04-20,26.5
2023-04-21,25.4
2023-04-22,21.9
2023-04-23,26.4
2023-04-24,29.3
2023-04-25,31.5
2023-04-26,33.5
2023-04-27,32.1
2023-04-28,33.1
2023-04-29,28.4
2023-04-30,28.2
2023-05-01,29.8
2023-05-02,27.9
2023-05-03,25.3
2023-05-04,27.8
2023-05-05,30.3
2023-05-06,28.4
2023-05-07,28.9
2023-05-08,31.3
2023-05-09,32.3
2023-05-10,27.7
2023-05-11,27.4
2023-05-12,26.7
2023-05-13,23.8
2023-05-14,25.5
2023-05-15,27.0
2023-05-16,27.1
2023-05-17,22.2
2023-05-18,21.1
2023-05-19,23.1
2023-05-20,22.5
2023-05-21,15.9
2023-05-22,16.7
2023-05-23,17.4
2023-05-24,22.2
2023-05-25,25.6
2023-05-26,22.9
2023-05-27,22.4
2023-05-28,22.0
2023-05-29,24.1
2023-05-30,24.4
2023-05-31,27.0
2023-06-01,25.3
2023-06-02,23.5
2023-06-03,24.5
2023-06-04,26.2
2023-06-05,27.2
2023-06-06,26.7
2023-06-07,23.2
2023-06-08,22.8
2023-06-09,26.4
2023-06-10,27.5
2023-06-11,29.4
2023-06-12,29.3
2023-06-13,26.4
2023-06-14,30.8
2023-06-15,32.0
2023-06-16,32.9
2023-06-17,32.2
2023-06-18,25.3
2023-06-19,30.1
2023-06-20,28.9
2023-06-21,30.6
2023-06-22,33.1
2023-06-23,31.9
2023-06-24,31.0
2023-06-25,36.3
2023-06-26,36.7
2023-06-27,36.5
2023-06-28,36.5
2023-06-30,33.5
2023-07-01,32.2
2023-07-02,32.6
2023-07-03,35.8
2023-07-05,36.3
2023-07-06,33.5
2023-07-07,32.7
2023-07-08,35.7
2023-07-09,36.3
2023-07-10,37.4
2023-07-11,40.6
2023-07-12,39.7
2023-07-13,38.3
2023-07-14,35.5
2023-07-15,35.0
2023-07-16,37.2
2023-07-17,36.8
2023-07-18,39.8
2023-07-19,40.4
2023-07-20,36.7
2023-07-21,34.7
2023-07-22,36.3
2023-07-23,36.2
2023-07-24,34.3
2023-07-25,33.3
2023-07-26,33.9
2023-07-27,33.0
2023-07-28,36.1
2023-07-29,38.3
2023-07-30,38.4
2023-07-31,38.1
2023-08-02,36.0
2023-08-03,33.9
2023-08-04,32.9
2023-08-05,32.5
2023-08-06,35.5
2023-08-07,32.4
2023-08-08,35.7
2023-08-09,38.6
2023-08-10,40.0
2023-08-11,41.5
2023-08-12,39.8
2023-08-13,34.9
2023-08-14,35.1
2023-08-15,36.7
2023-08-16,34.6
2023-08-17,35.0
2023-08-18,35.9
2023-08-19,38.0
2023-08-20,38.2
2023-08-21,34.9
2023-08-22,33.9
2023-08-23,33.7
2023-08-24,37.3
2023-08-25,40.8
2023-08-26,39.6
2023-08-27,29.2
2023-08-28,31.8
2023-08-29,33.5
2023-08-30,31.8
2023-08-31,29.8
2023-09-01,31.4
2023-09-02,26.7
2023-09-03,19.6
2023-09-04,27.0
2023-09-05,29.1
2023-09-06,29.4
2023-09-12,29.0
2023-09-13,29.6
2023-09-14,28.5
2023-09-15,29.5
2023-09-16,28.8
2023-09-17,22.1
2023-09-18,23.4
2023-09-19,27.4
2023-09-21,25.2
2023-09-22,21.5
2023-09-23,25.8
2023-09-24,26.9
2023-09-25,27.6
2023-09-26,27.5
2023-09-27,28.3
2023-09-28,29.9
2023-09-29,29.7
2023-09-30,28.1
2023-10-01,30.5
2023-10-02,31.2
2023-10-04,26.9
2023-10-05,28.7
2023-10-06,29.7
2023-10-07,30.0
2023-10-08,27.7
2023-10-09,25.4
2023-10-10,25.6
2023-10-11,26.9
2023-10-12,26.9
2023-10-13,27.6
2023-10-14,25.3
2023-10-15,25.7
2023-10-16,25.6
2023-10-17,27.2
2023-10-18,24.9
2023-10-19,23.4
2023-10-20,18.8
2023-10-21,18.9
2023-10-22,20.3
2023-10-23,18.2
2023-10-26,21.4
2023-10-27,19.2
2023-10-28,20.4
2023-10-29,20.6
2023-10-30,18.0
2023-10-31,15.4
2023-11-01,20.6
2023-11-02,20.4
2023-11-03,15.6
2023-11-04,19.9
2023-11-05,17.0
2023-11-06,15.7
2023-11-07,16.1
2023-11-08,17.0
2023-11-10,17.2
2023-11-11,18.2
2023-11-12,21.4
2023-11-13,24.6
2023-11-14,26.2
2023-11-15,27.9
2023-11-16,24.2
2023-11-17,25.1
2023-11-18,21.6
2023-11-19,22.8
2023-11-20,21.4
2023-11-21,15.6
2023-11-22,15.4
2023-11-23,16.8
2023-11-24,17.0
2023-11-25,16.9
2023-11-26,18.4
2023-11-27,14.8
2023-11-28,14.9
2023-11-29,19.1
2023-11-30,19.0
2023-12-01,17.2
2023-12-02,11.8
2023-12-03,14.3
2023-12-04,11.6
2023-12-05,13.3
2023-12-06,14.2
2023-12-07,16.7
2023-12-09,16.2
2023-12-10,17.9
2023-12-11,22.5
2023-12-12,20.7
2023-12-13,13.8
2023-12-14,13.3
2023-12-15,14.7
2023-12-16,15.7
2023-12-18,14.2
2023-12-19,14.0
2023-12-20,10.1
2023-12-21,14.0
2023-12-22,16.9
2023-12-23,16.8
2023-12-24,15.1
2023-12-25,14.2
2023-12-26,14.6
2023-12-27,15.8
2023-12-28,15.6
2023-12-29,15.8
2023-12-30,16.6
2023-12-31,15.0
2024-01-01,15.3
2024-01-02,17.1
2024-01-03,17.8
2024-01-04,15.5
2024-01-05,11.3
2024-01-06,9.2
2024-01-07,11.7
2024-01-08,12.2
2024-01-09,9.8
2024-01-10,12.0
2024-01-11,12.2
2024-01-12,12.9
2024-01-13,14.9
2024-01-14,23.4
2024-01-15,18.1
2024-01-16,19.3
2024-01-17,17.6
2024-01-18,17.3
2024-01-19,15.3
2024-01-20,13.3
2024-01-21,14.4
2024-01-22,15.3
2024-01-24,20.3
2024-01-25,23.3
2024-01-26,24.4
2024-01-27,21.4
2024-01-28,17.9
2024-01-29,15.7
2024-01-30,15.3
2024-01-31,15.2
2024-02-01,15.0
2024-02-02,19.1
2024-02-03,15.1
2024-02-04,17.5
2024-02-05,18.0
2024-02-06,18.1
2024-02-07,16.7
2024-02-08,16.5
2024-02-09,14.9
2024-02-10,14.0
2024-02-11,14.3
2024-02-12,18.6
2024-02-13,19.6
2024-02-14,21.6
2024-02-15,19.8
2024-02-16,15.1
2024-02-17,18.2
2024-02-18,18.3
2024-02-19,20.8
2024-02-20,21.3
2024-02-21,22.4
2024-02-22,18.8
2024-02-23,13.5
2024-02-24,13.3
2024-02-25,15.8
2024-02-26,13.0
2024-02-27,13.1
2024-02-28,14.0
2024-02-29,15.5
2024-03-01,13.5
2024-03-02,14.3
2024-03-03,12.4
2024-03-04,15.3
2024-03-05,16.2
2024-03-06,17.6
2024-03-07,15.4
2024-03-08,12.3
2024-03-09,11.2
2024-03-10,14.5
2024-03-11,14.8
2024-03-12,17.3
2024-03-13,18.4
2024-03-14,19.8
2024-03-15,20.6
2024-03-16,23.4
2024-03-17,24.5
2024-03-18,26.7
2024-03-19,27.4
2024-03-20,21.7
2024-03-21,21.3
2024-03-22,26.9
2024-03-23,26.3
2024-03-24,22.6
2024-03-25,14.8
2024-03-26,11.9
2024-03-27,17.0
2024-03-28,15.4
2024-03-29,13.7
2024-03-30,11.7
2024-03-31,11.5
2024-04-01,16.7
2024-04-02,19.2
2024-04-03,21.2
2024-04-04,22.8
2024-04-05,24.8
2024-04-06,25.2
2024-04-07,23.6
2024-04-08,19.9
2024-04-09,20.8
2024-04-10,21.8
2024-04-11,24.9
2024-04-12,19.7
2024-04-13,23.7
2024-04-14,23.1
2024-04-15,28.1
2024-04-16,28.9
2024-04-17,26.3
2024-04-18,24.5
2024-04-19,18.7
2024-04-20,20.1
2024-04-21,19.3
2024-04-22,24.1
2024-04-23,22.4
2024-04-24,23.1
2024-04-25,22.5
2024-04-26,19.9
2024-04-27,18.6
2024-04-28,18.4
2024-04-30,18.1
2024-05-01,16.8
2024-05-02,17.4
2024-05-03,23.1
2024-06-03,26.0
2024-06-04,29.3
2024-06-05,30.6
2024-06-06,33.8
2024-06-07,27.9
2024-06-08,24.5
2024-06-09,22.0
2024-06-10,26.6
2024-06-11,27.6
2024-06-12,28.6
2024-06-13,29.1
2024-06-14,33.8
2024-06-15,30.9
2024-06-16,31.8
2024-06-17,32.7
2024-06-18,28.9
2024-06-19,24.5
2024-06-20,24.1
2024-06-21,29.9
2024-06-22,32.9
2024-06-23,34.0
2024-06-24,30.1
2024-06-25,32.2
2024-06-26,30.4
2024-06-27,25.0
2024-06-28,24.2
2024-06-29,25.1
2024-06-30,29.1
2024-07-01,30.8
2024-07-02,32.9
2024-07-03,36.2
2024-07-04,35.2
2024-07-05,33.8
2024-07-06,29.2
2024-07-07,31.2
2024-07-08,31.6
2024-07-09,34.8
2024-07-10,38.1
2024-07-18,33.1
2024-07-19,39.7
2024-07-20,38.6
2024-07-21,33.6
2024-07-22,31.8
2024-07-23,34.7
2024-07-24,38.7
2024-07-25,39.4
2024-07-26,35.8
2024-07-27,34.9
2024-07-28,31.0
2024-07-29,34.2
2024-07-30,36.6
2024-07-31,40.1
2024-08-01,38.6
2024-08-02,35.8
2024-08-03,34.4
2024-08-04,35.2
2024-08-05,37.2
2024-08-06,37.1
2024-08-07,37.9
2024-08-08,35.7
2024-08-09,35.8
2024-08-10,32.6
2024-08-11,33.4
2024-08-12,37.0
2024-08-13,33.2
2024-08-14,32.4
2024-08-15,33.5
2024-08-16,33.4
2024-08-17,35.4
2024-08-18,38.3
2024-08-19,36.5
2024-08-20,36.3
2024-08-21,32.4
2024-08-22,34.3
2024-08-23,33.6
2024-08-24,34.5
2024-08-25,34.9
2024-08-26,31.5
2024-08-27,32.8
2024-08-28,31.5
2024-08-29,29.7
2024-08-30,30.5
2024-08-31,32.5
2024-09-01,33.0
2024-09-02,33.6
2024-09-03,32.3
2024-09-04,30.3
2024-09-05,30.4
2024-09-06,31.7
2024-09-07,30.3
2024-09-08,28.6
2024-09-09,28.4
2024-09-10,28.9
2024-09-11,28.6
2024-09-12,30.1
2024-09-13,28.0
2024-09-14,25.2
2024-09-15,28.1
2024-09-16,29.9
2024-09-17,25.6
2024-09-18,25.8
2024-09-19,23.8
2024-09-20,24.9
2024-09-21,25.4
2024-09-22,26.1
2024-09-23,25.5
2024-09-24,24.2
2024-09-25,25.4
2024-09-26,26.8
2024-10-09,24.6
2024-10-10,20.7
2024-10-11,23.2
2024-10-12,23.6
2024-10-13,23.8
2024-10-14,23.1
2024-10-15,21.4
2024-10-17,19.2
2024-10-18,19.0
2024-10-19,22.6
2024-10-20,26.3
2024-10-21,24.5
2024-10-22,22.7
2024-10-23,22.3
2024-10-24,22.0
2024-10-25,22.6
2024-10-26,15.6
2024-10-27,14.9
2024-10-28,14.9
2024-10-29,12.6
2024-10-30,15.9
2024-10-31,17.7
2024-11-01,19.3
2024-11-02,20.0
2024-11-03,20.6
2024-11-04,22.4
2024-11-05,22.4
2024-11-06,19.7
2024-11-07,20.4
2024-11-08,19.8
2024-11-09,20.7
2024-11-10,20.7
2024-11-11,20.3
2024-11-12,19.5
2024-11-13,13.3
2024-11-14,18.8
2024-11-15,19.8
2024-11-16,20.1
2024-11-17,19.1
2024-11-18,19.9
2024-11-21,12.9
2024-11-22,16.5
2024-11-23,18.3
2024-11-24,18.6
2024-11-25,21.5
2024-11-26,18.1
2024-11-27,18.8
2024-11-28,18.3
2024-11-29,17.8
2024-11-30,22.8
2024-12-01,20.0
2024-12-02,20.2
2024-12-03,17.7
2024-12-04,13.9
2024-12-05,17.0
2024-12-06,19.2
2024-12-07,17.4
2024-12-08,14.2
2024-12-09,10.3
2024-12-10,12.5
2024-12-11,12.2
2024-12-12,10.4
2024-12-13,14.5
2024-12-14,14.0
2024-12-15,14.4
2024-12-16,14.1
2024-12-17,15.8
2024-12-18,20.4
2024-12-19,17.3
2024-12-20,13.7
2024-12-21,14.4
2024-12-22,16.1
2024-12-23,17.1
2024-12-24,14.4
2024-12-25,18.4
2024-12-26,15.5
2024-12-27,13.9
2024-12-28,14.2
2024-12-29,13.9
2024-12-30,14.6
2024-12-31,13.1
2025-01-01,13.6
2025-01-02,14.7
2025-01-03,14.7
2025-01-04,14.3
2025-01-05,16.3
2025-01-06,13.5
2025-01-07,12.7
2025-01-08,16.2
2025-01-09,16.5
2025-01-11,15.4
2025-01-12,17.4
2025-01-13,13.9
2025-01-14,12.2
2025-01-15,13.6
2025-01-16,13.6
2025-01-17,12.8
2025-01-18,14.2
2025-01-19,14.7
2025-01-20,12.2
2025-01-21,17.9
2025-01-22,19.7
2025-01-23,18.9
2025-01-24,19.2
2025-01-25,14.3
2025-01-26,17.3
2025-01-29,13.9
2025-01-30,12.1
2025-01-31,13.0
2025-02-01,13.1
2025-02-02,12.6
2025-02-03,9.1
2025-02-04,13.9
2025-02-05,15.4
2025-02-06,14.8
2025-02-07,15.6
2025-02-08,12.9
2025-02-09,15.7
2025-02-10,15.4
2025-02-11,15.0
2025-02-12,13.9
2025-02-13,17.3
2025-02-14,19.8
2025-02-15,19.9
2025-02-16,17.7
2025-02-17,19.4
2025-02-18,16.3
2025-02-19,19.1
2025-02-20,19.5
2025-02-21,15.4
2025-02-22,15.4
2025-02-23,18.0
2025-02-24,17.9
2025-02-25,17.7
2025-02-26,17.0
2025-02-27,16.5
2025-02-28,13.9
2025-03-01,14.5
2025-03-02,12.8
2025-03-03,12.7
2025-03-04,17.3
2025-03-05,14.4
2025-03-06,15.4
2025-03-07,14.8
2025-03-08,13.6
2025-03-09,11.5
2025-03-10,14.1
2025-03-11,16.5
2025-03-12,14.1
2025-03-13,13.0
2025-03-14,14.2
2025-03-15,13.4
2025-03-16,14.8
2025-03-17,13.5
2025-03-18,16.7
2025-03-19,17.1
2025-03-20,17.6
2025-03-21,16.2
2025-03-22,13.3
2025-03-23,9.7
2025-03-24,14.0
2025-03-25,16.1
2025-03-26,18.3
2025-03-27,18.3
2025-03-30,18.2
2025-03-31,20.5
2025-04-01,20.0
2025-04-02,21.0
2025-04-03,16.6
2025-04-04,17.1
2025-04-05,17.1
2025-04-06,18.5
2025-04-07,21.8
2025-04-08,22.9
2025-04-09,23.2
2025-04-10,19.8
2025-04-11,19.8
2025-04-12,18.8
2025-04-13,20.3
2025-04-14,18.3
2025-04-15,15.2
2025-04-16,15.5
2025-04-17,18.0
2025-04-18,21.5
2025-04-19,16.3
2025-04-20,17.2
2025-04-21,21.0
2025-04-22,20.6
2025-04-23,22.0
2025-04-24,25.1
2025-04-25,26.7
2025-04-26,23.4
2025-04-27,23.9
2025-04-30,19.3
2025-05-01,20.7
2025-05-02,21.9
2025-05-03,21.0
2025-05-04,20.4
2025-05-05,19.5
2025-05-06,21.8
2025-05-07,21.2
2025-05-08,19.2
2025-05-09,21.4
2025-05-10,22.1
2025-05-11,20.9
2025-05-12,21.6
2025-05-13,21.8
2025-05-14,22.8
2025-05-15,21.9
2025-05-16,25.6
2025-05-17,25.5
2025-05-18,25.7
2025-05-19,23.7
2025-05-20,27.6
2025-05-21,28.1
2025-05-22,30.3
2025-05-23,22.1
2025-05-24,25.1
2025-05-25,29.5
2025-05-26,32.0
2025-05-27,29.8
2025-05-28,31.5
2025-05-29,32.3
2025-05-30,33.1
2025-05-31,33.9
2025-06-01,32.5
2025-06-02,30.0
2025-06-03,24.4
2025-06-04,26.4
2025-06-05,30.7
2025-06-06,33.4
2025-06-07,35.9
2025-06-08,36.2
2025-06-09,29.3
2025-06-10,30.8
2025-06-11,30.3
2025-06-12,31.4
2025-06-13,32.7
2025-06-14,32.8
2025-06-15,34.4
2025-06-16,32.4
2025-06-17,35.8
2025-06-18,37.1
2025-06-19,36.5
2025-06-20,34.7
2025-06-21,35.9
2025-06-22,34.8
2025-06-23,35.6
2025-06-24,30.4
2025-06-25,31.2
2025-06-26,35.3
2025-06-27,33.5
2025-06-28,35.0
2025-06-29,35.2
2025-06-30,35.3
2025-07-01,35.2
2025-07-02,34.4
2025-07-03,32.9
2025-07-04,32.6
2025-07-05,34.3
2025-07-06,35.5
2025-07-07,37.9
2025-07-08,32.3
2025-07-09,32.1
2025-07-15,37.9
2025-07-16,36.7
2025-07-17,39.1
2025-07-18,36.0
2025-07-19,32.7
2025-07-20,32.9
2025-07-21,34.2
2025-07-22,33.6
2025-07-23,35.2
2025-07-24,32.4
2025-07-25,29.3
2025-07-26,31.1
2025-07-27,36.9
2025-07-28,37.8
2025-07-29,31.0
2025-08-01,32.3
2025-08-02,32.0
2025-08-03,33.1
2025-08-04,31.6
2025-08-07,35.8
2025-08-08,33.7
2025-08-09,32.7
2025-08-10,33.9
2025-08-11,36.2
2025-08-12,37.3
2025-08-13,34.9
2025-08-14,34.9
2025-08-15,35.3
2025-08-16,37.5
2025-08-17,41.4
2025-08-18,40.4
2025-08-19,33.0
2025-08-20,30.0
2025-08-21,32.0
2025-08-22,32.6
2025-08-23,31.4
2025-08-24,30.0
2025-08-25,35.6
2025-08-26,34.2
2025-08-27,32.4
2025-08-28,27.6
2025-08-29,29.1
2025-08-30,33.8
2025-08-31,32.3
2025-09-01,26.0
2025-09-02,30.5
2025-09-03,32.3
2025-09-04,33.8
2025-09-05,30.3
2025-09-06,29.0
2025-09-07,29.1
2025-09-08,32.3
2025-09-09,25.5
2025-09-10,27.1
2025-09-11,31.4
2025-09-12,32.9
2025-09-13,34.4
2025-09-14,34.4
2025-09-15,30.8
2025-09-16,31.3
2025-09-17,31.0
2025-09-18,32.3
2025-09-19,29.5
2025-09-20,29.5
2025-09-21,30.4
2025-09-23,27.2
2025-09-24,25.4
2025-09-25,26.0
2025-09-26,27.6
2025-09-27,28.5
2025-09-28,24.2
2025-09-30,25.8
2025-10-01,26.3
2025-10-02,26.2
2025-10-04,30.7
2025-10-05,30.2
2025-10-06,24.9
2025-10-08,26.9
2025-10-09,24.9
2025-10-10,24.8
2025-10-11,25.0
2025-10-12,25.2
2025-10-13,26.3
2025-10-14,27.5
2025-10-15,24.5
2025-10-16,23.8
2025-10-17,23.3
2025-10-19,23.9
2025-10-20,23.2
2025-10-21,24.0
2025-10-22,24.8
2025-10-23,26.7
2025-10-24,29.2
2025-10-25,29.7
2025-10-26,22.8
2025-10-27,22.2
2025-10-28,21.1
2025-10-29,20.1
2025-10-31,23.0
2025-11-01,21.1
2025-11-02,19.9
2025-11-03,21.5
2025-11-04,20.3
2025-11-06,16.1
2025-11-07,17.9
2025-11-08,17.3
2025-11-09,19.1
2025-11-10,19.3
2025-11-11,21.8
2025-11-12,22.8
2025-11-13,20.1
2025-11-14,16.6
2025-11-15,16.6
2025-11-16,17.2
2025-11-17,13.4
2025-11-18,15.4
2025-11-19,16.3
2025-11-20,13.5
2025-11-21,13.6
2025-11-22,14.1
2025-11-23,16.2
2025-11-24,14.7
2025-11-25,13.7
2025-11-26,14.2
2025-11-27,14.6
2025-11-29,15.8
2025-11-30,12.3
2025-12-01,14.7
2025-12-02,13.5
2025-12-03,10.5
2025-12-04,13.0
2025-12-05,15.0
2025-12-06,15.6
2025-12-07,15.7
2025-12-08,16.8
2025-12-09,20.0
2025-12-10,12.3
2025-12-11,15.2
2025-12-12,13.2
2025-12-13,16.5
2025-12-14,16.8
2025-12-15,14.1
2025-12-16,11.1
2025-12-17,13.2
2025-12-18,15.3
2025-12-19,13.8
2025-12-20,11.1
2025-12-21,8.9
2025-12-22,8.4
2025-12-23,9.5
2025-12-24,11.3
2025-12-25,10.8
2025-12-26,11.3
2025-12-27,11.1
2025-12-28,11.9
2025-12-29,13.1
2025-12-30,12.7
2025-12-31,12.1
2026-01-01,12.6
2026-01-02,14.9
2026-01-03,13.3
2026-01-04,12.1
2026-01-05,11.9
2026-01-06,7.4
2026-01-07,9.2
2026-01-08,11.4
2026-01-09,12.1
2026-01-10,11.4
2026-01-11,12.7
2026-01-12,16.7
2026-01-13,14.0
2026-01-14,13.0
2026-01-15,12.3
2026-01-16,12.6
2026-01-17,9.2
2026-01-18,10.0
2026-01-19,11.1
2026-01-20,10.7
2026-01-21,12.5
2026-01-23,13.2
2026-01-24,8.8
2026-01-25,12.2
2026-01-26,14.7
2026-01-27,13.0
2026-01-28,13.8
2026-01-29,16.1
2026-01-30,15.6
2026-01-31,13.0
2026-02-01,15.3
2026-02-02,12.6
2026-02-03,11.6
2026-02-04,14.2
2026-02-05,15.1
2026-02-06,13.4
2026-02-07,12.6
2026-02-08,12.1
2026-02-09,16.7
2026-02-10,17.4
2026-02-11,17.9
2026-02-12,16.4
2026-02-13,14.1
2026-02-14,11.6
2026-02-15,13.3
