date,max,min
2016-01-05,14.4,4.9
2016-01-19,12.4,5.2
2016-01-20,16.5,5.4
2016-01-21,16.0,8.1
2016-01-22,18.1,10.4
2016-01-23,19.2,8.6
2016-01-24,18.9,12.0
2016-01-25,17.5,9.4
2016-01-26,16.1,5.6
2016-01-27,15.4,1.0
2016-01-28,13.9,2.4
2016-01-29,14.5,2.2
2016-01-30,15.2,4.4
2016-01-31,16.2,2.3
2016-02-01,22.0,2.0
2016-02-02,20.6,3.7
2016-02-03,16.3,3.8
2016-02-04,15.1,9.9
2016-02-05,16.2,11.0
2016-02-06,18.7,9.1
2016-02-07,14.9,7.3
2016-02-08,14.9,4.8
2016-02-09,16.1,4.8
2016-02-10,17.9,12.3
2016-02-11,17.2,12.3
2016-02-12,17.5,11.7
2016-02-13,17.0,13.2
2016-02-14,14.3,3.8
2016-02-15,12.1,3.4
2016-02-16,10.2,0.8
2016-02-17,11.9,-3.4
2016-02-18,10.9,3.5
2016-02-19,13.0,4.6
2016-02-20,17.2,0.4
2016-02-21,17.5,9.1
2016-02-22,18.8,5.0
2016-02-23,18.8,4.0
2016-02-24,15.3,1.6
2016-02-25,14.7,8.6
2016-02-26,14.1,5.3
2016-02-27,9.6,3.9
2016-02-28,13.3,3.3
2016-02-29,15.3,4.5
2016-03-01,17.2,1.9
2016-03-02,19.9,0.9
2016-03-03,17.5,4.6
2016-03-04,19.5,3.2
2016-03-05,13.8,4.8
2016-03-06,13.7,2.9
2016-03-07,13.5,1.5
2016-03-08,14.1,0.3
2016-03-09,16.0,-1.2
2016-03-10,15.8,5.2
2016-03-11,15.6,0.6
2016-03-12,17.6,-0.6
2016-03-13,19.2,0.4
2016-03-14,19.1,2.1
2016-03-15,15.8,6.5
2016-03-16,17.0,8.2
2016-03-17,19.7,4.0
2016-03-18,19.1,7.3
2016-03-19,17.5,7.6
2016-03-20,16.3,3.9
2016-03-21,14.0,4.2
2016-03-22,15.2,2.4
2016-03-23,15.4,6.2
2016-03-24,18.3,3.7
2016-03-25,21.1,3.5
2016-03-26,20.0,4.4
2016-03-27,18.9,8.6
2016-03-28,18.9,3.5
2016-03-29,24.5,3.5
2016-03-30,25.4,9.4
2016-03-31,15.8,6.5
2016-04-01,17.4,4.0
2016-04-02,20.0,1.5
2016-04-03,21.5,3.7
2016-04-04,15.4,8.5
2016-04-05,18.1,7.4
2016-04-06,21.1,7.3
2016-04-07,23.5,8.0
2016-04-08,18.6,8.3
2016-04-09,21.4,3.9
2016-04-10,16.8,4.9
2016-04-11,15.6,9.0
2016-04-12,16.1,8.8
2016-04-13,19.1,7.1
2016-04-14,23.4,5.2
2016-04-15,21.8,8.5
2016-04-16,22.6,9.9
2016-04-17,20.6,10.6
2016-04-18,22.4,8.8
2016-04-19,19.0,13.5
2016-04-20,18.3,8.2
2016-04-21,21.3,5.5
2016-04-22,21.6,11.4
2016-04-23,23.0,9.6
2016-04-24,24.9,11.7
2016-04-25,23.6,8.4
2016-04-26,27.5,9.2
2016-04-27,25.7,10.7
2016-04-28,24.3,11.4
2016-04-29,21.0,14.8
2016-04-30,27.0,14.0
2016-05-01,26.3,10.3
2016-05-02,22.0,13.0
2016-05-03,24.8,12.6
2016-05-04,24.0,16.8
2016-05-05,22.3,14.4
2016-05-06,19.5,13.1
2016-05-07,19.4,12.4
2016-05-08,15.7,12.6
2016-05-09,19.2,10.0
2016-05-10,16.4,9.7
2016-05-11,17.5,6.7
2016-05-12,16.9,10.1
2016-05-13,18.9,8.7
2016-05-14,21.2,10.2
2016-05-15,25.2,9.7
2016-05-16,27.1,10.6
2016-05-17,27.2,12.5
2016-05-18,28.6,14.7
2016-05-19,29.6,13.4
2016-05-20,27.9,14.7
2016-05-21,28.3,16.9
2016-05-22,26.6,11.2
2016-05-23,26.3,11.7
2016-05-24,30.9,16.7
2016-05-25,27.3,13.7
2016-05-26,27.0,11.5
2016-05-27,28.4,11.2
2016-05-28,24.7,11.7
2016-05-29,23.6,11.7
2016-05-30,26.4,10.1
2016-05-31,29.3,11.7
2016-06-01,30.4,16.0
2016-06-02,31.5,13.3
2016-06-03,29.1,14.7
2016-06-04,27.0,11.8
2016-06-05,30.0,13.0
2016-06-06,31.8,13.0
2016-06-07,31.7,15.1
2016-06-08,35.6,22.4
2016-06-09,40.1,17.0
2016-06-10,32.8,19.3
2016-06-11,32.7,17.4
2016-06-12,35.3,15.5
2016-06-13,36.5,18.8
2016-06-14,33.7,19.9
2016-06-15,26.2,16.2
2016-06-16,24.3,12.0
2016-06-17,28.7,11.2
2016-06-18,30.9,12.3
2016-06-19,31.0,17.9
2016-06-20,32.1,14.7
2016-06-21,29.2,18.7
2016-06-22,29.8,18.5
2016-06-23,34.3,20.4
2016-06-24,37.2,21.1
2016-06-25,37.1,17.2
2016-06-26,31.5,15.3
2016-06-27,32.5,17.3
2016-06-28,36.3,21.7
2016-06-29,36.3,19.9
2016-06-30,35.9,20.3
2016-07-01,37.0,18.5
2016-07-02,37.4,19.8
2016-07-03,37.8,22.1
2016-07-04,36.3,17.9
2016-07-05,36.5,20.9
2016-07-06,32.3,21.8
2016-07-07,31.8,21.6
2016-07-08,37.2,18.4
2016-07-09,37.5,22.2
2016-07-10,36.9,23.3
2016-07-11,39.7,22.1
2016-07-12,38.1,20.7
2016-07-13,35.2,18.6
2016-07-14,31.0,22.2
2016-07-15,31.1,21.4
2016-07-16,29.4,20.4
2016-07-17,30.0,20.5
2016-07-18,31.0,20.1
2016-07-19,38.6,24.6
2016-07-20,38.9,26.2
2016-07-21,39.8,22.7
2016-07-22,35.7,18.3
2016-07-23,34.3,20.2
2016-07-24,33.0,21.8
2016-07-25,34.5,23.4
2016-07-26,36.2,23.6
2016-07-27,39.0,19.4
2016-07-28,36.4,20.7
2016-07-29,35.8,23.3
2016-07-30,37.6,20.1
2016-07-31,38.3,22.9
2016-08-01,37.4,18.0
2016-08-02,35.2,21.9
2016-08-03,38.6,21.6
2016-08-04,38.7,19.1
2016-08-05,38.7,21.5
2016-08-06,32.0,24.0
2016-08-07,30.5,22.4
2016-08-08,30.9,21.3
2016-08-09,34.8,23.1
2016-08-10,29.1,22.3
2016-08-11,29.7,21.7
2016-08-12,28.9,21.7
2016-08-13,29.8,20.2
2016-08-14,28.9,21.9
2016-08-15,31.3,21.7
2016-08-16,35.3,20.2
2016-08-17,36.8,18.2
2016-08-18,37.0,20.7
2016-08-19,37.7,18.6
2016-08-20,36.0,19.4
2016-08-21,32.8,17.0
2016-08-22,30.0,22.6
2016-08-23,31.2,22.2
2016-08-24,30.3,22.2
2016-08-25,30.2,21.1
2016-08-26,31.5,22.3
2016-08-27,34.2,22.3
2016-08-28,40.1,25.2
2016-08-29,39.0,18.0
2016-08-30,34.1,21.7
2016-08-31,33.0,22.0
2016-09-01,30.1,22.1
2016-09-02,33.5,22.3
2016-09-03,35.2,21.9
2016-09-04,38.8,26.3
2016-09-05,42.3,20.5
2016-09-06,43.3,20.2
2016-09-07,41.3,21.4
2016-09-08,35.7,18.9
2016-09-09,35.1,18.2
2016-09-10,34.2,14.7
2016-09-11,32.6,15.6
2016-09-12,32.4,22.1
2016-09-13,28.8,15.9
2016-09-14,22.5,13.1
2016-09-15,24.3,10.1
2016-09-16,28.9,11.7
2016-09-17,30.8,12.1
2016-09-18,33.4,13.3
2016-09-19,29.2,14.6
2016-09-20,31.1,17.3
2016-09-21,32.3,11.9
2016-09-22,29.0,15.4
2016-09-23,29.7,13.0
2016-09-24,29.0,15.6
2016-09-25,30.0,15.9
2016-09-26,30.5,19.0
2016-09-27,29.4,18.8
2016-09-28,27.0,18.9
2016-09-29,28.8,13.7
2016-09-30,27.6,14.8
2016-10-01,30.0,15.1
2016-10-02,30.4,14.0
2016-10-03,29.2,14.5
2016-10-04,30.2,19.6
2016-10-05,27.7,19.5
2016-10-06,30.8,17.3
2016-10-07,31.8,12.2
2016-10-08,31.8,13.2
2016-10-09,29.4,12.5
2016-10-10,27.4,10.1
2016-10-11,25.2,9.6
2016-10-12,17.7,10.0
2016-10-13,20.7,13.7
2016-10-14,20.7,11.4
2016-10-15,23.5,6.7
2016-10-16,24.7,14.6
2016-10-17,26.4,13.8
2016-10-18,28.1,14.7
2016-10-19,26.5,18.7
2016-10-20,26.2,17.3
2016-10-21,23.4,17.1
2016-10-22,23.1,17.4
2016-10-23,20.6,13.8
2016-10-24,23.3,12.7
2016-10-25,24.9,15.5
2016-10-26,28.2,16.6
2016-10-27,26.4,19.7
2016-10-28,24.9,18.9
2016-10-29,22.8,16.6
2016-10-30,23.9,15.4
2016-10-31,21.9,15.7
2016-11-01,23.2,15.9
2016-11-02,26.4,12.9
2016-11-03,26.8,10.4
2016-11-04,22.9,15.2
2016-11-05,21.7,12.5
2016-11-06,15.3,7.5
2016-11-07,13.3,3.1
2016-11-08,14.0,0.7
2016-11-09,15.6,2.1
2016-11-10,15.8,5.7
2016-11-11,17.1,0.3
2016-11-12,18.9,1.3
2016-11-13,19.0,5.3
2016-11-14,21.4,3.2
2016-11-15,18.7,8.7
2016-11-16,19.5,3.1
2016-11-17,20.3,1.8
2016-11-18,20.5,2.5
2016-11-19,19.2,6.0
2016-11-20,18.1,5.4
2016-11-21,17.9,12.4
2016-11-22,13.5,9.5
2016-11-23,13.0,6.7
2016-11-24,13.0,3.3
2016-11-25,13.4,5.1
2016-11-26,13.6,10.4
2016-11-27,11.9,9.2
2016-11-28,14.8,6.4
2016-11-29,15.5,3.6
2016-11-30,17.0,11.6
2016-12-01,16.9,12.4
2016-12-02,17.8,12.3
2016-12-03,15.0,11.8
2016-12-04,14.7,11.6
2016-12-05,17.4,12.0
2016-12-06,19.3,8.1
2016-12-07,17.5,7.9
2016-12-08,17.0,11.3
2016-12-09,17.0,11.3
2016-12-10,17.6,11.7
2016-12-11,17.6,7.3
2016-12-12,16.8,4.1
2016-12-13,15.8,2.6
2016-12-14,14.3,7.5
2016-12-15,11.2,6.8
2016-12-16,12.0,6.8
2016-12-17,14.4,4.3
2016-12-18,14.7,7.6
2016-12-19,12.8,4.7
2016-12-20,13.9,2.9
2016-12-21,13.7,0.5
2016-12-22,16.1,0.5
2016-12-23,17.2,2.0
2016-12-24,16.3,1.0
2016-12-25,15.9,7.4
2016-12-26,17.8,1.4
2016-12-27,16.1,1.6
2016-12-28,16.5,10.7
2016-12-29,16.2,10.1
2016-12-30,15.2,9.2
2016-12-31,13.4,9.2
2017-01-01,14.2,4.8
2017-01-02,14.8,5.4
2017-01-03,17.6,3.6
2017-01-04,17.2,2.3
2017-01-05,16.0,4.7
2017-01-06,15.4,2.4
2017-01-07,14.8,9.0
2017-01-08,14.9,2.7
2017-01-09,15.5,-1.3
2017-01-10,14.6,-1.1
2017-01-11,17.3,2.0
2017-01-12,17.6,2.9
2017-01-13,13.4,1.2
2017-01-14,13.4,0.0
2017-01-15,12.8,-1.8
2017-01-16,14.9,-2.4
2017-01-17,15.5,-0.7
2017-01-18,5.9,-1.6
2017-04-05,25.6,7.2
2017-04-06,20.5,12.1
2017-04-07,20.2,8.7
2017-04-08,19.8,11.1
2017-04-09,20.2,12.6
2017-04-10,21.5,12.5
2017-04-11,27.0,12.0
2017-04-12,29.8,7.4
2017-04-13,29.6,9.9
2017-04-14,26.5,11.6
2017-04-15,28.0,10.9
2017-04-16,24.7,12.0
2017-04-17,30.2,9.8
2017-04-18,29.4,12.3
2017-04-21,18.7,12.2
2017-04-22,19.7,11.4
2017-04-23,23.8,13.6
2017-04-24,24.0,12.5
2017-04-25,25.5,11.1
2017-04-26,23.8,10.7
2017-04-27,23.2,12.4
2017-04-28,14.5,12.0
2017-04-29,16.9,11.9
2017-04-30,20.3,10.6
2017-05-01,23.8,9.6
2017-05-02,23.1,13.2
2017-05-03,24.8,14.6
2017-05-04,26.5,15.8
2017-05-05,24.4,12.5
2017-05-06,26.0,8.6
2017-05-07,27.0,9.9
2017-05-08,29.1,16.4
2017-05-09,29.3,16.2
2017-05-10,22.6,14.6
2017-05-11,22.5,13.7
2017-05-12,23.7,11.1
2017-05-13,23.6,11.0
2017-05-14,28.8,10.6
2017-05-15,27.5,14.2
2017-05-16,27.7,18.2
2017-05-17,29.1,18.1
2017-05-18,27.8,14.2
2017-05-19,27.1,9.3
2017-05-20,26.0,15.7
2017-05-21,26.6,19.4
2017-05-22,32.3,16.8
2017-05-23,27.8,14.1
2017-05-24,29.0,17.8
2017-05-25,32.7,19.5
2017-05-26,33.0,16.7
2017-05-27,29.1,16.7
2017-05-28,28.9,18.3
2017-05-29,27.9,16.7
2017-05-30,31.0,13.6
2017-05-31,28.6,18.6
2017-06-01,30.0,18.7
2017-06-02,32.2,19.7
2017-06-03,34.4,18.6
2017-06-04,32.3,17.2
2017-06-05,31.6,15.2
2017-06-06,33.4,14.0
2017-06-07,31.4,16.1
2017-06-08,31.8,21.3
2017-06-09,35.4,17.7
2017-06-10,30.6,17.6
2017-06-11,33.1,19.8
2017-06-12,33.3,22.4
2017-06-13,34.9,21.8
2017-06-14,37.4,19.9
2017-06-15,40.3,22.0
2017-06-16,39.7,25.9
2017-06-17,36.9,26.0
2017-06-18,35.9,24.2
2017-06-19,35.4,23.6
2017-06-20,34.6,22.4
2017-06-21,35.7,23.3
2017-06-22,37.4,20.8
2017-06-23,40.1,18.4
2017-06-24,41.1,21.7
2017-06-25,37.2,24.9
2017-06-26,37.7,20.0
2017-06-27,33.3,19.2
2017-06-28,29.7,18.7
2017-06-29,28.3,16.4
2017-06-30,27.7,14.1
2017-07-01,31.4,12.9
2017-07-02,29.5,16.1
2017-07-03,31.7,21.3
2017-07-04,32.1,21.6
2017-07-05,32.5,20.6
2017-07-06,27.8,20.8
2017-07-07,31.5,18.3
2017-07-08,33.0,16.8
2017-07-09,36.3,19.4
2017-07-10,38.4,19.3
2017-07-11,37.9,20.8
2017-07-12,43.5,24.5
2017-07-13,43.2,23.3
2017-07-14,40.4,20.7
2017-07-15,35.8,22.8
2017-07-16,35.7,23.9
2017-07-17,35.9,24.2
2017-07-18,37.2,25.4
2017-07-19,37.2,22.7
2017-07-20,35.1,19.8
2017-07-21,33.4,17.9
2017-07-22,37.7,16.4
2017-07-23,39.2,19.8
2017-07-24,40.0,19.0
2017-07-25,38.1,21.2
2017-07-26,38.7,22.0
2017-07-27,39.9,21.8
2017-07-28,42.9,20.8
2017-07-29,42.8,20.0
2017-07-30,42.2,21.3
2017-07-31,39.3,22.3
2017-08-01,34.9,18.9
2017-08-02,39.9,17.9
2017-08-03,42.4,19.4
2017-08-04,44.4,20.8
2017-08-05,43.2,24.2
2017-08-06,43.3,22.5
2017-08-07,40.1,25.9
2017-08-08,37.9,22.2
2017-08-09,36.6,18.0
2017-08-10,31.7,17.9
2017-08-11,32.8,23.5
2017-08-12,33.3,22.8
2017-08-13,32.1,22.1
2017-08-14,33.0,23.6
2017-08-15,38.1,22.3
2017-08-16,41.8,22.1
2017-08-17,38.0,20.6
2017-08-18,40.2,24.3
2017-08-19,39.1,22.3
2017-08-20,35.0,25.4
2017-08-21,34.2,25.5
2017-08-22,37.2,25.3
2017-08-23,39.0,19.8
2017-08-24,39.2,21.3
2017-08-25,38.1,23.0
2017-08-26,37.2,27.0
2017-08-27,33.7,25.1
2017-08-28,27.9,20.2
2017-08-29,28.0,19.8
2017-08-30,30.1,21.1
2017-08-31,34.5,20.9
2017-10-01,34.3,19.4
2017-10-02,31.8,23.7
2017-10-03,31.9,23.4
2017-10-04,30.1,24.1
2017-12-15,15.5,9.8
2017-12-16,12.9,3.0
2017-12-17,11.2,-1.2
2017-12-18,11.8,0.2
2017-12-19,13.6,-0.3
2017-12-20,13.2,-0.1
2017-12-21,14.7,-0.3
2017-12-22,14.3,0.1
2017-12-23,14.4,-0.5
2017-12-24,14.9,9.2
2017-12-25,13.6,5.5
2017-12-26,12.3,6.6
2017-12-27,13.4,9.4
2017-12-28,14.5,9.4
2017-12-29,14.3,9.7
2017-12-30,17.0,5.0
2017-12-31,14.1,4.3
2018-01-01,14.9,3.1
2018-01-02,13.1,0.4
2018-01-03,13.9,4.3
2018-01-04,11.5,4.5
2018-01-05,14.3,9.7
2018-01-06,11.7,1.7
2018-01-07,5.7,-1.0
2018-01-09,10.2,-1.5
2018-01-10,13.9,8.5
2018-01-11,11.7,3.1
2018-01-12,13.1,0.0
2018-01-13,9.1,1.1
2018-01-14,8.3,1.1
2018-01-15,10.0,-0.1
2018-01-16,13.4,-1.1
2018-01-17,14.9,-0.1
2018-01-18,14.3,6.9
2018-01-19,15.3,4.7
2018-01-20,15.5,0.9
2018-01-21,14.7,1.3
2018-01-22,17.6,0.5
2018-01-23,20.1,1.1
2018-01-24,18.3,3.6
2018-01-25,15.1,5.6
2018-01-26,9.3,1.6
2018-01-27,10.1,1.7
2018-01-28,11.2,0.0
2018-01-29,14.6,1.3
2018-01-30,14.0,6.1
2018-01-31,15.5,6.8
2018-02-01,14.4,4.4
2018-02-02,9.6,2.1
2018-02-03,10.5,-3.1
2018-02-04,7.3,0.1
2018-02-05,8.0,-1.8
2018-02-06,7.6,-0.4
2018-02-07,8.5,-1.4
2018-02-08,10.9,-1.7
2018-02-09,10.0,-3.2
2018-02-10,11.7,-0.7
2018-02-11,14.1,-1.8
2018-02-12,13.3,3.0
2018-02-13,12.4,-1.6
2018-02-14,12.9,-1.1
2018-02-15,17.7,1.8
2018-02-16,19.5,2.4
2018-02-17,15.7,2.7
2018-02-18,16.2,4.3
2018-02-19,14.8,4.5
2018-02-20,17.6,0.9
2018-02-21,14.7,3.9
2018-02-22,13.0,-1.6
2018-02-23,15.1,-2.6
2018-02-24,13.2,6.7
2018-02-25,13.4,4.8
2018-02-26,18.5,1.3
2018-02-27,15.7,9.4
2018-02-28,14.0,10.6
2018-03-01,15.6,9.8
2018-03-02,14.4,8.3
2018-03-03,14.2,8.8
2018-03-04,15.1,8.8
2018-03-05,14.0,7.7
2018-03-06,12.7,6.6
2018-03-07,14.2,4.1
2018-03-08,16.0,8.8
2018-03-09,18.0,5.4
2018-03-10,16.1,7.7
2018-03-11,13.5,6.8
2018-03-12,15.0,7.0
2018-03-13,16.9,10.2
2018-03-14,16.2,8.8
2018-03-15,15.2,7.8
2018-03-16,13.1,6.1
2018-03-17,13.1,4.8
2018-03-18,11.9,6.8
2018-03-19,13.3,5.2
2018-03-20,10.5,2.4
2018-03-21,11.5,1.8
2018-03-22,12.9,3.1
2018-03-23,12.2,2.0
2018-03-24,12.5,5.8
2018-03-25,11.9,4.6
2018-03-26,16.1,0.0
2018-03-28,21.8,5.0
2018-03-29,16.9,5.9
2018-03-30,13.3,6.1
2018-03-31,14.2,5.3
2018-04-01,17.8,3.5
2018-04-02,20.5,10.3
2018-04-03,19.4,9.7
2018-04-04,17.5,8.7
2018-04-05,20.6,5.3
2018-04-06,21.1,9.9
2018-04-07,14.4,7.3
2018-04-08,15.4,7.3
2018-04-09,13.4,4.1
2018-04-10,12.9,6.2
2018-04-11,13.9,5.9
2018-04-12,13.2,6.3
2018-04-14,17.4,1.5
2018-04-15,17.6,7.2
2018-04-16,16.5,7.8
2018-04-17,20.7,6.1
2018-04-18,21.0,12.1
2018-04-19,20.6,12.6
2018-04-20,17.1,12.5
2018-04-21,19.4,12.6
2018-04-22,24.2,9.9
2018-04-24,24.7,14.2
2018-04-25,22.4,11.9
2018-04-26,23.7,12.0
2018-04-27,23.4,12.1
2018-04-28,19.2,8.9
2018-04-29,16.4,6.8
2018-04-30,15.1,6.3
2018-05-01,14.2,5.0
2018-05-02,18.9,3.7
2018-05-03,21.6,4.8
2018-05-04,21.1,10.7
2018-05-05,22.1,8.3
2018-05-06,20.9,13.4
2018-05-07,23.8,10.8
2018-05-08,24.9,10.5
2018-05-09,21.1,13.3
2018-05-10,23.1,13.1
2018-05-11,24.4,9.5
2018-05-12,21.4,11.1
2018-05-13,20.9,6.9
2018-05-14,24.6,6.2
2018-05-15,23.9,7.9
2018-05-16,23.1,12.2
2018-05-17,25.2,10.0
2018-05-18,22.4,13.4
2018-05-19,23.4,13.2
2018-05-20,22.9,11.7
2018-05-21,20.9,11.0
2018-05-22,25.5,11.0
2018-05-23,24.4,11.7
2018-05-24,24.9,11.6
2018-05-25,20.9,10.7
2018-05-26,24.3,10.8
2018-05-27,22.3,13.0
2018-05-28,22.3,12.6
2018-05-30,20.8,10.3
2018-05-31,26.2,9.7
2018-06-01,26.1,11.1
2018-06-02,20.6,10.6
2018-06-03,25.4,9.8
2018-06-04,22.9,12.5
2018-06-05,20.3,13.6
2018-06-06,21.8,12.8
2018-06-07,26.8,10.8
2018-06-08,25.0,12.9
2018-06-09,23.5,13.0
2018-06-10,23.8,10.7
2018-06-11,21.9,12.6
2018-06-12,26.0,10.6
2018-06-13,29.4,12.7
2018-06-14,30.7,13.6
2018-06-15,33.7,15.7
2018-06-16,31.2,17.6
2018-06-18,31.5,19.6
2018-06-20,29.4,19.3
2018-06-22,30.2,17.1
2018-06-23,30.7,16.6
2018-06-24,32.5,18.7
2018-06-25,32.5,17.5
2018-06-26,31.5,16.8
2018-06-27,31.9,17.3
2018-06-28,30.2,15.5
2018-06-29,30.5,15.4
2018-06-30,28.0,18.3
2018-07-01,27.4,16.3
2018-07-02,27.7,12.3
2018-07-03,33.6,13.8
2018-07-04,28.3,14.8
2018-07-05,31.0,15.2
2018-07-06,32.3,15.4
2018-07-07,32.6,16.5
2018-07-08,34.3,16.8
2018-07-10,34.5,18.4
2018-07-11,32.8,14.4
2018-07-12,30.5,16.1
2018-07-13,31.4,15.9
2018-07-14,32.2,14.3
2018-07-15,28.0,13.4
2018-07-16,30.2,14.3
2018-07-17,32.0,15.3
2018-07-18,33.4,20.6
2018-07-19,35.3,17.2
2018-07-20,33.8,17.8
2018-07-21,34.3,16.7
2018-07-22,33.6,15.5
2018-07-23,32.6,20.8
2018-07-24,34.0,17.8
2018-07-25,34.6,14.5
2018-07-26,33.4,15.8
2018-07-27,35.6,16.5
2018-07-28,35.1,16.7
2018-07-29,32.7,15.2
2018-07-30,33.6,15.9
2018-07-31,36.0,16.8
2018-08-01,34.4,24.3
2018-08-02,32.9,23.6
2018-08-03,38.4,24.3
2018-08-05,36.2,24.0
2018-08-06,37.1,25.2
2018-08-07,38.0,25.3
2018-08-08,35.5,23.6
2018-08-09,32.2,17.8
2018-08-10,31.0,15.8
2018-08-11,31.6,22.5
2018-08-12,33.3,22.2
2018-08-13,34.4,20.1
2018-08-14,34.7,17.3
2018-08-15,31.5,19.1
2018-08-16,30.4,17.7
2018-08-17,32.9,18.9
2018-08-18,30.4,21.6
2018-08-19,30.9,22.1
2018-08-20,29.6,22.0
2018-08-21,29.7,20.7
2018-08-22,31.7,20.8
2018-08-23,34.4,18.6
2018-08-24,36.4,18.3
2018-08-25,36.7,18.9
2018-08-26,33.1,19.6
2018-08-27,33.5,22.9
2018-08-28,33.6,21.6
2018-08-29,32.2,18.3
2018-08-30,30.1,16.0
2018-08-31,30.9,19.6
2018-09-01,30.8,21.6
2018-09-02,32.6,23.9
2018-09-03,32.2,18.4
2018-09-04,29.8,15.4
2018-09-05,27.6,17.3
2018-09-06,29.0,14.4
2018-09-07,29.0,16.3
2018-09-08,23.3,17.9
2018-09-12,29.3,21.7
2018-09-13,31.2,17.5
2018-09-14,26.0,17.7
2018-09-15,25.6,16.4
2018-09-16,28.7,18.0
2018-09-17,27.7,19.9
2018-09-18,30.6,18.3
2018-09-19,31.1,18.4
2018-09-20,29.0,20.5
2018-09-21,31.7,16.2
2018-09-22,31.4,16.3
2018-09-23,32.9,17.2
2018-09-24,33.3,17.9
2018-09-25,29.0,22.2
2018-09-26,27.1,21.1
2018-09-27,27.4,20.0
2018-09-29,28.3,17.7
2018-10-01,29.9,16.9
2018-10-02,28.3,14.8
2018-10-03,25.7,16.3
2018-10-04,26.7,17.6
2018-10-05,26.0,17.6
2018-10-06,29.2,16.5
2018-10-07,29.3,12.6
2018-10-08,27.4,11.8
2018-10-09,22.7,15.7
2018-10-10,23.6,16.4
2018-10-11,23.5,15.7
2018-10-12,27.8,12.3
2018-10-13,26.6,17.8
2018-10-14,19.7,10.3
2018-10-15,20.0,7.6
2018-10-16,19.6,13.1
2018-10-17,23.5,9.0
2018-10-18,17.0,9.8
2018-10-19,18.2,6.9
2018-10-20,20.4,9.3
2018-10-21,16.8,11.4
2018-10-22,22.5,12.2
2018-10-23,21.6,16.7
2018-10-24,22.4,13.6
2018-10-25,24.4,9.4
2018-10-26,19.5,11.0
2018-10-27,19.3,10.5
2018-10-28,10.6,5.4
2018-10-29,12.5,2.7
2018-10-30,11.7,6.2
2018-10-31,12.7,5.5
2018-11-01,14.8,7.1
2018-11-02,15.1,4.9
2018-11-03,18.8,8.4
2018-11-04,18.3,4.7
2018-11-05,13.9,7.3
2018-11-06,14.6,5.1
2018-11-07,17.1,5.6
2018-11-08,17.6,9.1
2018-11-09,14.0,5.9
2018-11-10,15.5,6.2
2018-11-11,20.3,12.2
2018-11-12,16.9,7.6
2018-11-13,18.0,10.0
2018-11-14,19.5,10.7
2018-11-21,12.6,9.2
2018-11-22,13.0,8.9
2018-11-23,13.1,5.9
2018-11-24,14.0,1.9
2018-11-25,16.4,9.2
2018-11-26,14.7,7.6
2018-11-27,15.5,3.4
2018-11-28,17.5,1.9
2018-11-29,18.4,2.3
2018-11-30,14.8,5.8
2018-12-01,15.2,2.7
2018-12-02,17.7,3.4
2018-12-03,20.8,4.1
2018-12-04,22.8,5.3
2018-12-05,22.5,5.5
2018-12-06,22.1,4.2
2018-12-07,19.6,3.3
2018-12-08,16.3,3.2
2018-12-09,20.2,3.2
2018-12-10,21.1,4.0
2018-12-11,15.2,8.8
2018-12-12,14.7,9.1
2018-12-14,10.9,3.9
2018-12-15,13.8,1.0
2018-12-16,14.6,1.4
2018-12-17,15.0,5.2
2018-12-18,16.9,8.0
2018-12-19,13.7,6.9
2018-12-20,14.2,5.7
2018-12-21,16.1,0.6
2018-12-22,17.4,1.5
2018-12-23,18.7,1.4
2018-12-24,18.4,1.0
2018-12-25,15.7,2.2
2018-12-26,14.7,4.6
2018-12-27,14.8,-0.1
2018-12-28,14.4,0.0
2018-12-29,13.2,3.7
2018-12-30,14.6,2.5
2018-12-31,14.9,6.1
2019-01-01,18.6,1.1
2019-01-02,17.2,-0.6
2019-01-03,13.9,-1.4
2019-01-04,13.3,3.1
2019-01-05,16.1,-2.2
2019-01-06,16.0,-2.5
2019-01-07,14.9,-3.1
2019-01-08,14.7,-1.8
2019-01-09,15.7,-2.8
2019-01-10,14.0,-2.1
2019-01-11,12.5,-0.8
2019-01-12,12.2,0.0
2019-01-13,15.0,-2.6
2019-01-14,16.4,-2.7
2019-01-15,12.3,0.4
2019-01-16,13.6,3.4
2019-01-17,12.2,4.0
2019-01-18,10.9,-1.6
2019-01-19,10.3,5.4
2019-01-20,11.3,5.1
2019-01-21,11.7,0.1
2019-01-22,11.0,-1.4
2019-01-23,11.9,6.9
2019-01-24,14.0,5.0
2019-01-25,17.4,1.4
2019-01-26,18.7,1.0
2019-01-27,13.5,2.7
2019-01-28,12.3,1.5
2019-01-29,11.9,7.7
2019-01-30,13.1,8.4
2019-01-31,14.0,9.7
2019-02-01,13.1,5.7
2019-02-02,10.6,3.4
2019-02-03,10.4,0.0
2019-02-04,14.6,-2.7
2019-02-05,17.9,-0.9
2019-02-06,19.4,0.3
2019-02-07,17.6,1.7
2019-02-08,18.5,0.0
2019-02-09,16.8,-0.4
2019-02-10,13.4,2.0
2019-02-11,15.9,6.2
2019-02-12,14.2,4.4
2019-02-13,14.3,7.8
2019-02-14,13.3,8.5
2019-02-15,13.9,9.6
2019-02-16,14.5,9.3
2019-02-17,14.7,9.5
2019-02-18,15.0,8.3
2019-02-19,15.8,6.7
2019-02-20,15.2,7.7
2019-02-21,15.0,9.4
2019-02-22,17.9,6.2
2019-02-23,19.4,1.0
2019-02-24,18.0,1.1
2019-02-25,15.4,9.1
2019-02-26,17.0,8.7
2019-02-27,20.2,6.8
2019-02-28,21.4,0.9
2019-03-01,19.4,2.1
2019-03-02,19.3,3.9
2019-03-03,22.6,3.0
2019-03-04,18.4,4.1
2019-03-05,18.3,11.0
2019-03-06,16.0,7.6
2019-03-07,14.0,3.7
2019-03-08,17.3,2.9
2019-03-09,19.5,3.1
2019-03-10,22.8,3.7
2019-03-11,24.8,5.5
2019-03-12,24.0,10.3
2019-03-13,18.4,5.8
2019-03-14,19.5,3.5
2019-03-15,22.7,2.7
2019-03-16,23.6,9.1
2019-03-17,22.2,2.8
2019-03-18,18.8,3.9
2019-03-19,18.7,6.6
2019-03-20,14.6,8.6
2019-03-21,15.1,4.6
2019-03-22,16.2,5.3
2019-03-23,17.2,6.9
2019-03-24,17.6,9.9
2019-03-25,19.7,6.7
2019-03-26,20.2,11.8
2019-03-27,16.8,8.6
2019-03-28,16.9,9.1
2019-03-29,15.5,9.9
2019-03-30,16.5,10.7
2019-04-01,15.7,8.9
2019-04-02,18.8,7.0
2019-04-03,20.3,7.0
2019-04-04,17.4,5.8
2019-04-05,12.1,6.7
2019-04-06,12.5,5.6
2019-04-07,13.7,8.0
2019-04-09,16.1,6.6
2019-04-10,16.0,6.7
2019-04-11,17.5,6.5
2019-04-12,20.0,4.6
2019-04-13,21.9,5.7
2019-04-14,25.6,8.0
2019-04-15,27.1,12.3
2019-04-16,23.3,8.0
2019-04-17,17.6,12.6
2019-04-18,18.1,7.9
2019-04-19,17.9,6.9
2019-04-20,17.7,6.3
2019-04-21,15.8,10.1
2019-04-22,20.3,8.9
2019-04-23,15.2,8.1
2019-04-24,15.8,6.9
2019-04-25,17.0,8.9
2019-04-26,18.9,6.4
2019-04-27,21.7,6.0
2019-04-28,22.0,13.0
2019-04-29,23.2,13.5
2019-04-30,27.0,10.2
2019-05-01,24.5,12.5
2019-05-02,24.9,12.3
2019-05-03,26.0,12.2
2019-05-04,23.2,13.5
2019-05-05,24.6,13.2
2019-05-06,25.6,10.0
2019-05-07,26.9,9.4
2019-05-08,23.2,11.8
2019-05-09,22.9,13.4
2019-05-10,28.6,12.2
2019-05-11,31.4,11.6
2019-05-12,25.3,16.4
2019-05-13,28.1,14.8
2019-05-14,23.3,15.3
2019-05-15,32.8,10.6
2019-05-16,29.5,13.8
2019-05-17,21.2,9.9
2019-05-18,21.7,10.0
2019-05-19,22.6,11.4
2019-05-20,25.7,11.1
2019-05-21,27.0,10.8
2019-05-22,26.3,13.9
2019-05-23,29.3,14.0
2019-05-24,28.0,13.1
2019-05-25,27.0,15.0
2019-05-26,28.8,14.7
2019-05-27,32.4,12.3
2019-05-28,33.2,15.9
2019-05-29,26.5,15.7
2019-05-30,22.9,15.5
2019-05-31,25.6,14.4
2019-06-01,25.6,15.8
2019-06-02,28.4,18.1
2019-06-07,25.3,11.8
2019-06-08,25.8,9.3
2019-06-09,27.0,16.6
2019-06-10,26.4,12.0
2019-06-11,26.6,12.0
2019-06-12,24.3,14.5
2019-06-13,26.0,14.7
2019-06-14,23.6,13.6
2019-06-15,28.1,10.1
2019-06-16,26.3,12.3
2019-06-17,29.5,11.0
2019-06-18,29.5,13.7
2019-06-19,28.8,14.9
2019-06-20,27.4,13.7
2019-06-21,29.6,13.4
2019-06-22,29.3,15.0
2019-06-23,29.9,17.3
2019-06-24,32.2,17.3
2019-06-25,32.9,17.5
2019-06-26,32.0,18.5
2019-06-27,32.0,17.8
2019-06-28,32.0,18.8
2019-06-29,33.8,19.4
2019-06-30,35.2,18.3
2019-07-01,32.7,17.8
2019-07-02,32.0,16.6
2019-07-03,30.1,17.4
2019-07-04,29.6,16.1
2019-07-05,33.3,15.9
2019-07-06,32.2,17.5
2019-07-07,32.3,18.4
2019-07-08,27.8,13.7
2019-07-09,29.5,14.5
2019-07-10,31.1,16.1
2019-07-11,32.1,20.3
2019-07-12,34.6,19.8
2019-07-13,32.7,18.8
2019-07-14,31.5,16.9
2019-07-15,34.7,18.9
2019-07-16,32.4,18.1
2019-07-17,30.3,18.0
2019-07-18,32.8,17.0
2019-07-19,32.1,20.5
2019-07-20,37.7,22.3
2019-07-21,35.4,21.4
2019-07-22,33.0,21.7
2019-07-23,34.9,22.5
2019-07-24,34.8,19.5
2019-07-25,34.6,21.2
2019-07-26,31.2,18.4
2019-07-27,27.1,17.1
2019-07-28,31.6,18.6
2019-07-29,33.2,17.4
2019-07-30,35.6,17.0
2019-07-31,29.5,20.9
2019-08-01,34.3,21.1
2019-08-02,35.9,18.5
2019-08-03,34.2,19.2
2019-08-04,35.9,19.3
2019-08-05,36.6,18.9
2019-08-06,37.9,17.8
2019-08-08,37.4,18.3
2019-08-09,34.4,17.7
2019-08-10,35.2,19.3
2019-08-11,31.9,17.7
2019-08-12,31.8,14.4
2019-08-13,31.9,20.3
2019-08-14,33.0,22.1
2019-08-15,35.1,18.9
2019-08-16,35.5,19.1
2019-08-17,36.4,18.3
2019-08-18,35.9,18.3
2019-08-19,34.9,17.4
2019-08-20,34.2,17.1
2019-08-21,29.4,22.5
2019-08-22,28.4,21.5
2019-08-23,29.8,20.4
2019-08-24,29.6,20.8
2019-08-25,28.2,20.5
2019-08-26,28.1,21.4
2019-08-27,29.3,18.5
2019-08-28,32.6,17.5
2019-08-29,30.5,22.9
2019-08-30,32.0,21.5
2019-08-31,33.3,21.5
2019-09-01,34.7,19.2
2019-09-02,31.6,18.2
2019-09-03,31.2,22.1
2019-09-04,32.6,20.5
2019-09-05,32.0,20.0
2019-09-06,28.9,21.3
2019-09-07,27.7,20.9
2019-09-08,26.7,19.0
2019-09-09,30.1,17.0
2019-09-10,25.4,16.4
2019-09-11,24.6,14.2
2019-09-12,24.8,14.5
2019-09-13,25.6,16.4
2019-09-14,23.3,15.1
2019-09-15,26.0,19.7
2019-09-17,26.1,18.7
2019-09-18,27.4,16.1
2019-09-19,28.7,15.8
2019-09-20,24.4,19.9
2019-09-21,25.0,17.9
2019-09-23,27.1,12.1
2019-09-24,29.8,12.3
2019-09-25,28.1,14.0
2019-09-27,30.5,13.9
2019-09-28,31.3,13.2
2019-09-29,30.9,14.9
2019-09-30,30.7,13.9
2019-10-01,28.9,14.6
2019-10-02,26.3,13.9
2019-10-03,26.7,10.7
2019-10-04,30.0,10.0
2019-10-05,27.5,11.8
2019-10-06,29.3,12.1
2019-10-07,31.2,12.1
2019-10-08,26.3,16.5
2019-10-09,29.8,16.3
2019-10-10,25.5,17.9
2019-10-11,25.3,18.7
2019-10-12,26.1,18.9
2019-10-13,27.2,13.9
2019-10-14,22.0,13.3
2019-10-15,18.6,8.8
2019-10-16,23.2,4.3
2019-10-17,23.0,5.2
2019-10-18,24.1,9.6
2019-10-19,23.2,12.9
2019-10-20,16.9,8.8
2019-10-21,18.4,5.6
2019-10-22,17.2,7.4
2019-10-23,16.5,6.1
2019-10-24,17.6,7.6
2019-10-25,23.5,5.9
2019-10-26,26.3,7.2
2019-10-27,23.0,14.5
2019-10-28,23.9,11.6
2019-10-29,22.3,11.6
2019-10-30,23.6,9.7
2019-11-01,23.1,16.2
2019-11-02,20.7,15.0
2019-11-03,19.6,14.8
2019-11-04,18.6,13.7
2019-11-05,16.1,10.3
2019-11-06,15.6,6.9
2019-11-07,15.9,6.3
2019-11-08,13.5,3.8
2019-11-09,14.6,0.2
2019-11-10,14.7,8.9
2019-11-11,13.3,8.5
2019-11-12,14.1,8.1
2019-11-13,16.2,7.8
2019-11-14,12.3,6.6
2019-11-15,9.9,2.5
2019-11-16,11.2,-1.1
2019-11-17,13.3,-0.9
2019-11-18,12.6,4.4
2019-11-19,13.2,0.9
2019-11-20,11.6,1.1
2019-11-21,14.5,7.9
2019-11-22,16.4,11.2
2019-11-23,13.3,6.9
2019-11-24,13.1,2.7
2019-11-25,15.9,6.7
2019-11-26,17.7,11.2
2019-11-27,16.5,11.3
2019-11-28,16.1,8.7
2019-11-29,17.7,4.3
2019-11-30,19.9,4.4
2019-12-01,15.0,7.5
2019-12-02,13.1,7.8
2019-12-03,14.1,6.0
2019-12-13,14.4,11.4
2019-12-14,13.1,5.2
2019-12-15,14.1,2.1
2019-12-16,15.4,10.8
2019-12-17,11.4,3.0
2019-12-18,12.7,0.1
2019-12-19,13.3,6.6
2019-12-20,17.2,13.3
2019-12-21,18.3,12.7
2019-12-23,16.8,7.3
2019-12-24,20.3,3.3
2019-12-25,20.4,4.4
2019-12-26,18.9,4.4
2019-12-27,17.3,10.7
2019-12-28,16.5,10.2
2019-12-29,13.4,9.9
2019-12-30,13.4,9.4
2019-12-31,13.5,5.5
2020-01-01,16.5,5.7
2020-01-02,14.3,4.7
2020-01-03,12.3,1.1
2020-01-04,13.6,4.3
2020-01-05,13.7,6.4
2020-01-06,14.5,2.2
2020-01-07,17.5,-0.4
2020-01-09,14.6,4.5
2020-01-10,13.0,2.4
2020-01-11,14.7,-1.1
2020-01-12,13.9,-0.3
2020-01-13,14.7,0.0
2020-01-14,12.5,-1.5
2020-01-15,16.7,-0.5
2020-01-16,17.2,-1.4
2020-01-17,15.1,1.1
2020-01-18,13.5,2.4
2020-01-20,9.1,3.0
2020-01-21,10.3,2.5
2020-01-22,11.0,6.1
2020-01-23,10.2,7.5
2020-01-24,12.2,7.1
2020-01-25,11.3,7.7
2020-01-26,12.7,4.4
2020-01-27,13.7,-0.2
2020-01-28,14.1,8.1
2020-01-29,17.5,5.0
2020-02-04,22.2,4.4
2020-02-05,15.2,4.1
2020-02-06,13.5,10.2
2020-02-07,16.6,9.6
2020-02-08,14.6,8.2
2020-02-09,18.7,6.3
2020-02-10,19.7,4.4
2020-02-11,19.7,3.4
2020-02-13,16.6,8.0
2020-02-14,18.7,3.0
2020-02-15,19.9,4.6
2020-02-16,21.8,5.2
2020-02-17,19.4,4.6
2020-02-18,16.7,7.6
2020-02-19,15.9,10.5
2020-02-20,15.6,10.2
2020-02-21,15.1,10.4
2020-02-22,19.0,9.5
2020-02-23,18.0,5.8
2020-02-24,22.7,6.2
2020-02-25,20.5,2.7
2020-02-26,17.6,8.4
2020-02-27,18.4,2.6
2020-02-28,20.7,1.3
2020-02-29,16.6,3.0
2020-03-01,17.9,9.2
2020-03-02,19.4,9.0
2020-03-03,16.4,4.4
2020-03-04,18.6,10.5
2020-03-05,16.3,4.7
2020-03-06,15.8,5.8
2020-03-07,18.0,1.8
2020-03-08,22.1,1.1
2020-03-09,20.8,4.2
2020-03-10,22.4,5.6
2020-03-11,26.4,7.2
2020-03-12,26.9,14.2
2020-03-13,22.3,8.2
2020-03-14,22.0,6.9
2020-03-15,18.4,11.2
2020-03-16,13.1,6.6
2020-03-17,14.7,5.7
2020-03-18,18.3,7.5
2020-03-19,15.9,10.8
2020-03-20,17.1,10.0
2020-03-21,13.5,7.5
2020-03-22,13.3,7.4
2020-03-23,14.4,5.0
2020-03-24,16.8,8.3
2020-03-25,12.9,8.6
2020-03-26,18.7,7.7
2020-03-27,15.9,7.6
2020-03-28,14.5,7.2
2020-03-29,18.1,7.3
2020-03-30,17.2,9.8
2020-03-31,15.7,9.8
2020-04-01,16.3,7.9
2020-04-02,12.5,5.8
2020-04-03,17.4,5.0
2020-04-04,15.5,10.1
2020-04-05,18.1,11.3
2020-04-06,18.6,10.6
2020-04-07,18.3,11.5
2020-04-08,17.9,12.2
2020-04-09,16.4,12.7
2020-04-10,19.7,9.1
2020-04-11,18.8,11.1
2020-04-12,17.6,12.1
2020-04-13,18.2,11.6
2020-04-14,18.9,8.7
2020-04-15,16.8,11.4
2020-04-16,17.8,12.9
2020-04-17,20.1,12.4
2020-04-18,20.9,11.1
2020-04-19,21.2,12.8
2020-04-20,17.5,8.3
2020-04-21,15.6,8.7
2020-04-22,19.6,8.6
2020-04-23,18.7,11.6
2020-04-24,18.8,12.7
2020-04-25,16.4,12.2
2020-04-26,16.6,10.9
2020-04-27,18.3,7.4
2020-04-28,18.6,8.3
2020-04-29,21.4,7.3
2020-04-30,21.1,8.5
2020-05-01,25.2,10.4
2020-05-02,29.9,11.6
2020-05-03,30.2,11.4
2020-05-04,29.1,15.8
2020-05-05,27.0,13.2
2020-05-06,28.2,10.6
2020-05-08,25.6,15.7
2020-05-09,22.9,12.4
2020-05-10,18.9,11.7
2020-05-11,21.8,10.2
2020-05-12,17.2,10.0
2020-05-13,20.1,7.6
2020-05-14,17.4,9.6
2020-05-15,19.4,7.9
2020-05-19,28.9,12.0
2020-05-21,31.6,15.0
2020-05-22,32.5,15.5
2020-05-23,31.5,16.4
2020-05-24,27.4,17.9
2020-05-25,26.4,16.4
2020-05-26,24.9,16.3
2020-05-27,25.0,16.6
2020-05-28,25.7,16.1
2020-05-29,27.4,16.5
2020-05-30,25.4,16.5
2020-05-31,24.8,14.7
2020-06-01,27.0,13.3
2020-06-02,27.5,13.2
2020-06-03,28.7,13.2
2020-06-04,23.9,15.9
2020-06-05,27.5,15.0
2020-06-06,29.9,13.4
2020-06-07,25.5,16.2
2020-06-08,24.0,15.3
2020-06-09,26.8,11.5
2020-06-10,29.6,12.4
2020-06-11,25.1,12.2
2020-06-12,21.5,13.9
2020-06-13,25.4,11.4
2020-06-14,27.0,13.5
2020-06-15,28.9,11.7
2020-06-16,27.6,15.5
2020-06-17,28.7,15.6
2020-06-18,29.5,14.4
2020-06-19,30.1,13.0
2020-06-20,32.3,15.3
2020-06-21,35.9,15.6
2020-06-22,33.3,17.1
2020-06-23,33.4,22.1
2020-06-24,31.8,17.9
2020-06-25,33.0,17.4
2020-06-26,30.8,16.5
2020-06-27,32.6,14.9
2020-06-28,35.3,17.6
2020-06-29,34.3,19.2
2020-06-30,34.7,20.5
2020-07-01,36.2,18.0
2020-07-02,34.7,17.1
2020-07-03,33.4,17.5
2020-07-04,31.5,18.9
2020-07-05,32.4,21.5
2020-07-06,38.2,18.2
2020-07-07,40.6,19.8
2020-07-08,33.1,22.5
2020-07-09,33.6,18.8
2020-07-10,34.8,16.6
2020-07-12,31.7,22.3
2020-07-13,34.6,20.8
2020-07-14,32.9,21.9
2020-07-15,30.1,21.5
2020-07-16,32.4,22.0
2020-07-17,32.9,23.6
2020-07-18,32.9,21.1
2020-07-19,36.1,20.4
2020-07-20,35.1,22.0
2020-07-21,31.2,22.4
2020-07-22,33.4,19.2
2020-07-23,36.5,20.0
2020-07-24,38.3,20.9
2020-07-25,36.4,20.3
2020-07-26,37.3,20.0
2020-07-27,36.9,25.2
2020-07-28,37.8,19.6
2020-07-29,35.3,20.1
2020-07-30,35.0,23.5
2020-07-31,38.1,22.1
2020-08-01,40.2,24.7
2020-08-02,39.1,21.3
2020-08-03,33.6,18.4
2020-08-04,30.9,21.8
2020-08-05,33.4,22.6
2020-08-06,33.5,23.4
2020-08-07,32.8,23.4
2020-08-08,36.0,24.8
2020-08-09,37.3,22.8
2020-08-10,33.4,24.0
2020-08-11,30.5,21.8
2020-08-12,30.1,17.9
2020-08-13,32.5,15.8
2020-08-15,31.2,16.8
2020-08-16,29.5,15.4
2020-08-17,31.8,15.7
2020-08-18,34.9,17.0
2020-08-19,34.6,18.6
2020-08-20,36.1,17.5
2020-08-21,35.4,16.2
2020-08-22,35.8,17.7
2020-08-23,33.7,18.7
2020-08-24,31.4,21.9
2020-08-25,33.9,21.7
2020-08-26,37.8,18.7
2020-08-27,38.5,19.7
2020-08-28,33.1,19.7
2020-08-29,27.0,15.9
2020-08-30,28.2,13.7
2020-08-31,27.2,19.2
2020-09-01,28.2,17.6
2020-09-02,29.2,13.6
2020-09-03,28.0,19.7
2020-09-04,28.7,19.0
2020-09-05,28.8,20.0
2020-09-06,28.8,19.9
2020-09-07,34.2,17.7
2020-09-08,26.3,19.7
2020-09-09,28.7,18.1
2020-09-10,32.2,17.8
2020-09-11,30.2,19.0
2020-09-12,31.0,21.4
2020-09-13,28.8,21.5
2020-09-14,27.7,21.0
2020-09-15,28.8,17.5
2020-09-16,29.1,16.0
2020-09-17,28.0,21.0
2020-09-18,23.9,18.1
2020-09-19,23.9,13.7
2020-09-20,26.0,12.3
2020-09-21,28.0,15.0
2020-09-22,29.6,13.6
2020-09-23,27.2,15.5
2020-09-24,29.3,17.7
2020-09-25,24.5,16.1
2020-09-26,25.2,9.1
2020-09-27,25.0,14.3
2020-09-28,28.0,10.9
2020-09-29,27.6,17.7
2020-09-30,28.1,13.5
2020-10-01,26.6,12.4
2020-10-02,20.9,10.9
2020-10-03,18.1,7.0
2020-10-04,22.4,6.2
2020-10-05,21.2,9.9
2020-10-06,25.8,7.5
2020-10-07,29.7,10.4
2020-10-08,26.8,19.3
2020-10-17,22.4,4.5
2020-10-18,22.1,4.9
2020-10-19,22.5,16.1
2020-10-20,20.3,15.3
2020-10-21,19.4,15.0
2020-10-22,17.0,13.5
2020-10-23,19.0,11.9
2020-10-24,20.1,9.4
2020-10-25,18.3,7.4
2020-10-26,15.0,7.2
2020-10-27,16.9,3.7
2020-10-28,20.9,5.7
2020-10-29,23.2,7.0
2020-10-30,23.2,14.3
2020-10-31,24.8,11.1
2020-11-01,26.3,8.2
2020-11-02,26.2,7.6
2020-11-03,24.4,7.3
2020-11-04,17.5,13.4
2020-11-05,19.5,13.7
2020-11-06,25.3,13.1
2020-11-07,19.8,11.5
2020-11-08,19.8,7.2
2020-11-09,17.9,7.3
2020-11-11,18.0,13.1
2020-11-12,18.8,12.4
2020-11-13,20.0,13.7
2020-11-14,17.6,12.9
2020-11-15,23.5,10.0
2020-11-16,21.9,11.4
2020-11-17,23.5,8.8
2020-11-18,19.5,10.2
2020-11-19,19.2,13.1
2020-11-20,20.7,13.5
2020-11-21,17.2,12.9
2020-11-22,15.8,10.5
2020-11-23,15.8,10.2
2020-11-24,17.2,10.7
2020-11-25,16.2,9.0
2020-11-26,13.0,7.8
2020-11-27,11.2,7.5
2020-11-28,13.8,8.3
2020-11-29,15.4,10.0
2020-11-30,16.7,10.7
2020-12-01,16.7,6.1
2020-12-02,15.6,2.3
2020-12-03,14.7,2.7
2020-12-04,11.8,4.2
2020-12-05,7.7,2.7
2020-12-06,9.4,1.4
2020-12-07,12.5,7.1
2020-12-08,12.1,6.6
2020-12-09,10.5,3.5
2020-12-10,14.8,7.5
2020-12-11,16.2,13.8
2020-12-12,17.1,13.0
2020-12-13,17.2,9.6
2020-12-14,16.1,9.6
2020-12-15,14.4,6.1
2020-12-16,14.7,2.1
2020-12-17,14.8,9.4
2020-12-18,15.6,7.2
2020-12-19,11.8,5.7
2020-12-20,13.3,6.2
2020-12-21,15.9,3.4
2020-12-22,17.5,5.5
2020-12-23,16.3,5.3
2020-12-24,15.0,5.3
2020-12-25,14.2,4.7
2020-12-26,10.5,0.9
2020-12-27,11.7,-2.4
2020-12-28,11.2,0.9
2020-12-29,10.2,0.6
2020-12-30,8.8,-1.6
2020-12-31,9.5,-3.1
2021-01-01,8.7,3.5
2021-01-02,7.1,-0.5
2021-01-03,8.5,-3.9
2021-01-04,9.0,-3.6
2021-01-06,9.0,4.7
2021-01-07,6.6,4.4
2021-01-08,10.9,5.8
2021-01-09,9.3,3.8
2021-01-10,6.7,0.7
2021-01-11,9.2,0.8
2021-01-12,10.2,-2.5
2021-01-13,11.8,-2.9
2021-01-14,11.5,-2.1
2021-01-15,12.4,-2.4
2021-01-16,14.0,-2.3
2021-01-17,15.8,-2.3
2021-01-18,16.8,-1.1
2021-01-19,15.1,-1.2
2021-01-20,11.6,2.2
2021-01-21,14.3,7.0
2021-01-22,14.3,9.1
2021-01-23,13.3,8.2
2021-01-24,15.4,9.4
2021-01-25,16.4,8.9
2021-01-26,15.7,11.9
2021-01-27,17.6,10.5
2021-01-28,23.1,6.6
2021-01-29,18.5,5.2
2021-01-30,14.8,8.8
2021-01-31,15.0,8.1
2021-02-01,15.9,9.4
2021-02-02,15.7,7.5
2021-02-03,15.2,5.1
2021-02-04,18.4,7.4
2021-02-05,16.2,9.9
2021-02-06,14.4,8.3
2021-02-07,11.4,7.6
2021-02-08,13.9,8.5
2021-02-09,15.9,7.8
2021-02-10,15.2,10.3
2021-02-11,16.3,11.4
2021-02-12,16.0,9.8
2021-02-13,16.8,2.0
2021-02-14,17.2,1.6
2021-02-15,14.6,10.6
2021-02-16,18.8,7.8
2021-02-17,20.6,2.2
2021-02-18,17.9,2.7
2021-02-19,19.6,1.3
2021-02-20,16.3,10.3
2021-02-21,13.6,6.3
2021-02-22,12.9,2.6
2021-02-23,15.3,0.9
2021-02-24,14.9,9.9
2021-02-25,13.9,10.9
2021-02-26,14.4,10.4
2021-02-27,13.2,9.8
2021-02-28,14.9,9.5
2021-03-01,15.9,8.1
2021-03-02,17.0,7.5
2021-03-03,17.2,8.9
2021-03-04,14.5,9.4
2021-03-05,13.4,9.5
2021-03-06,13.3,8.1
2021-03-07,14.6,7.8
2021-03-09,14.5,6.8
2021-03-10,16.7,2.0
2021-03-11,18.6,2.3
2021-03-12,18.2,3.7
2021-03-13,18.8,3.9
2021-03-14,19.5,3.3
2021-03-15,19.4,3.7
2021-03-16,18.1,5.2
2021-03-17,18.3,10.0
2021-03-18,19.4,3.7
2021-03-19,14.2,5.1
2021-03-20,13.9,3.8
2021-03-21,15.3,0.0
2021-03-22,17.7,0.6
2021-03-23,20.1,2.2
2021-03-24,22.0,3.9
2021-03-25,22.5,4.8
2021-03-26,23.0,4.5
2021-03-27,21.0,4.8
2021-03-28,17.0,11.9
2021-03-29,19.6,11.9
2021-03-30,21.4,11.8
2021-03-31,22.0,14.0
2021-04-01,22.1,12.1
2021-04-02,20.2,10.4
2021-04-03,20.6,6.5
2021-04-05,19.1,11.6
2021-04-06,25.0,7.6
2021-04-07,23.1,8.3
2021-04-08,15.6,10.8
2021-04-09,19.0,10.8
2021-04-10,20.0,11.4
2021-04-11,21.2,7.3
2021-04-12,19.4,7.7
2021-04-13,19.3,12.3
2021-04-14,15.2,11.1
2021-04-15,15.7,11.1
2021-04-16,17.6,9.2
2021-04-17,20.7,9.2
2021-04-18,22.0,7.4
2021-04-19,23.8,11.8
2021-04-20,21.5,8.6
2021-04-21,21.4,9.3
2021-04-22,22.2,10.3
2021-04-23,18.7,13.5
2021-04-24,16.2,12.4
2021-04-25,16.3,12.8
2021-04-26,18.4,11.2
2021-05-21,30.9,15.1
2021-05-22,28.7,13.5
2021-05-23,23.2,13.2
2021-05-24,26.1,8.7
2021-05-25,26.8,11.1
2021-05-26,24.4,15.1
2021-05-27,20.1,15.0
2021-05-28,25.1,13.5
2021-05-29,28.0,16.4
2021-05-30,25.9,17.9
2021-05-31,29.2,18.7
2021-06-01,25.8,14.9
2021-06-02,28.0,11.0
2021-06-03,27.3,15.2
2021-06-04,26.1,15.8
2021-06-05,22.7,15.4
2021-06-06,31.1,12.5
2021-06-07,30.0,18.5
2021-06-08,32.0,17.6
2021-06-09,33.3,16.2
2021-06-10,32.4,16.4
2021-06-11,30.9,19.7
2021-06-12,28.2,17.8
2021-06-13,29.5,17.9
2021-06-14,33.0,16.9
2021-06-15,31.2,18.5
2021-06-16,29.1,17.4
2021-06-17,24.6,16.5
2021-06-18,25.6,15.2
2021-06-19,25.4,12.3
2021-06-21,25.5,16.1
2021-06-22,26.7,12.6
2021-06-23,30.4,13.3
2021-06-24,27.1,17.1
2021-06-25,26.9,19.3
2021-06-26,32.1,17.7
2021-06-27,32.4,15.7
2021-06-28,30.6,15.6
2021-06-29,32.5,12.7
2021-06-30,32.2,18.2
2021-07-01,33.1,18.1
2021-07-02,36.2,19.2
2021-07-03,35.0,15.9
2021-07-04,34.1,18.4
2021-07-05,37.0,17.6
2021-07-06,32.8,19.5
2021-07-07,30.7,19.9
2021-07-08,30.6,15.0
2021-07-09,29.2,21.0
2021-07-10,33.7,22.7
2021-07-11,37.5,22.4
2021-07-12,34.0,21.2
2021-07-13,31.9,16.1
2021-07-14,29.7,18.7
2021-07-15,29.2,20.0
2021-07-16,31.3,19.4
2021-07-17,36.3,21.9
2021-07-18,35.2,19.5
2021-07-19,35.8,19.8
2021-07-20,33.6,17.9
2021-07-21,35.0,16.4
2021-07-22,36.0,18.2
2021-07-23,38.2,26.7
2021-07-24,36.0,19.9
2021-07-25,32.8,17.0
2021-07-26,31.6,19.9
2021-07-27,30.8,21.5
2021-07-28,33.8,21.0
2021-07-29,33.3,22.1
2021-07-30,37.1,19.8
2021-07-31,29.3,17.0
2021-08-01,30.4,14.8
2021-08-02,30.5,15.2
2021-08-03,31.0,19.9
2021-08-04,34.0,17.9
2021-08-05,36.3,18.2
2021-08-06,36.3,18.3
2021-08-07,31.8,20.4
2021-08-08,33.8,16.7
2021-08-09,29.1,21.9
2021-08-10,31.4,21.9
2021-08-11,34.5,21.6
2021-08-12,36.7,20.2
2021-08-13,39.9,26.5
2021-08-14,41.7,26.7
2021-08-15,42.3,25.8
2021-08-16,42.4,22.8
2021-08-17,32.2,21.4
2021-08-18,31.9,22.4
2021-08-19,31.7,20.7
2021-08-20,32.8,21.7
2021-08-21,34.1,18.8
2021-08-22,33.0,22.8
2021-08-23,32.2,20.9
2021-08-24,31.5,22.2
2021-08-25,30.9,20.5
2021-08-26,30.8,19.2
2021-08-27,35.3,17.6
2021-08-28,31.4,16.2
2021-08-29,30.2,17.8
2021-08-30,31.1,15.7
2021-08-31,30.3,17.6
2021-09-02,29.2,16.3
2021-09-03,30.9,16.0
2021-09-04,32.1,16.7
2021-09-05,30.9,21.5
2021-09-06,32.2,22.8
2021-09-07,33.9,21.1
2021-09-09,26.5,17.4
2021-09-10,30.7,15.8
2021-09-11,32.0,16.2
2021-09-12,32.0,16.3
2021-09-14,26.5,18.1
2021-09-18,29.6,15.9
2021-09-19,30.2,13.7
2021-09-20,29.9,18.7
2021-09-21,25.7,17.0
2021-09-22,25.9,16.2
2021-09-23,26.3,19.3
2021-09-24,24.3,18.1
2021-09-25,25.1,16.8
2021-09-26,28.9,13.1
2021-09-27,29.7,12.9
2021-09-28,29.5,12.3
2021-09-29,29.7,12.6
2021-09-30,27.1,18.8
2021-10-01,28.6,16.1
2021-10-02,28.9,14.3
2021-10-03,23.9,11.6
2021-10-04,21.0,9.4
2021-10-05,25.1,6.9
2021-10-08,28.3,11.6
2021-10-09,25.1,17.0
2021-10-10,23.7,17.5
2021-10-11,24.5,16.2
2021-10-12,24.6,16.2
2021-10-13,26.4,11.8
2021-10-15,26.2,14.4
2021-10-16,27.7,10.2
2021-10-17,26.7,15.0
2021-10-18,26.7,14.2
2021-10-19,23.8,17.5
2021-10-20,26.3,14.6
2021-10-22,21.6,8.8
2021-10-23,22.2,14.1
2021-10-24,22.4,12.0
2021-10-25,22.3,11.9
2021-10-26,21.2,14.0
2021-10-27,22.2,10.3
2021-10-28,22.2,14.4
2021-10-29,22.3,11.7
2021-10-30,23.3,18.3
2021-10-31,21.5,18.1
2021-11-01,22.5,17.5
2021-11-02,17.7,14.2
2021-11-03,14.7,7.9
2021-11-04,14.2,3.7
2021-11-05,14.7,1.6
2021-11-06,14.8,3.3
2021-11-07,15.2,-0.1
2021-11-08,17.2,-0.9
2021-11-09,18.6,2.6
2021-11-10,19.0,4.4
2021-11-11,17.9,1.7
2021-11-12,18.3,1.4
2021-11-13,20.1,2.9
2021-11-14,20.8,4.8
2021-11-15,18.0,3.1
2021-11-16,18.2,1.0
2021-11-17,17.5,2.4
2021-11-18,17.4,4.5
2021-11-19,19.8,8.4
2021-11-20,17.0,11.4
2021-11-21,16.0,9.1
2021-11-22,15.4,8.6
2021-11-23,12.6,2.2
2021-11-24,11.8,0.5
2021-11-25,12.7,2.8
2021-11-26,11.0,3.5
2021-11-27,11.7,-0.6
2021-11-28,8.9,0.3
2021-11-29,12.3,7.0
2021-11-30,13.8,0.9
2021-12-01,13.1,-1.5
2021-12-02,12.1,4.2
2021-12-03,13.0,-1.0
2021-12-04,13.8,-1.1
2021-12-05,12.0,6.4
2021-12-06,12.6,1.4
2021-12-07,16.9,0.0
2021-12-08,13.4,6.7
2021-12-09,13.3,3.7
2021-12-10,12.6,8.9
2021-12-11,16.2,6.4
2021-12-12,19.1,1.4
2021-12-13,17.1,10.0
2021-12-14,14.9,9.0
2021-12-15,13.8,9.3
2021-12-16,14.8,8.9
2021-12-17,14.4,8.9
2021-12-18,14.4,6.5
2021-12-19,14.4,11.4
2021-12-20,15.3,9.9
2021-12-21,20.8,9.7
2021-12-22,16.4,10.1
2021-12-23,14.1,6.6
2021-12-24,12.8,8.2
2021-12-25,15.6,9.9
2021-12-26,16.2,11.0
2021-12-27,16.6,13.3
2021-12-28,16.3,8.9
2021-12-29,17.5,4.0
2021-12-30,23.1,4.6
2021-12-31,21.5,3.4
2022-01-01,19.3,5.8
2022-01-02,19.4,2.1
2022-01-03,20.7,1.2
2022-01-04,17.0,3.3
2022-01-05,10.7,2.5
2022-01-06,11.6,3.6
2022-01-07,12.9,-0.1
2022-01-08,14.2,-1.6
2022-01-09,13.3,-1.5
2022-01-10,12.2,4.6
2022-01-11,15.4,1.5
2022-01-12,12.6,7.7
2022-01-13,12.4,7.4
2022-01-14,13.0,4.6
2022-01-15,13.1,5.4
2022-01-16,13.8,3.9
2022-01-17,13.8,2.5
2022-01-18,13.6,6.8
2022-01-19,13.9,4.6
2022-01-20,13.9,0.6
2022-01-21,12.5,0.9
2022-01-22,13.4,7.0
2022-01-23,12.2,8.7
2022-01-24,11.7,9.0
2022-01-25,12.4,5.9
2022-01-26,13.4,5.6
2022-01-27,13.9,8.7
2022-01-28,15.6,5.7
2022-01-29,17.2,7.6
2022-01-30,17.4,6.5
2022-01-31,19.0,1.2
2022-02-01,15.8,0.4
2022-02-02,20.9,5.7
2022-02-03,20.6,4.1
2022-02-04,14.7,4.3
2022-02-05,17.7,7.9
2022-02-06,15.4,9.9
2022-02-07,17.3,5.3
2022-02-08,14.6,9.7
2022-02-09,14.9,9.1
2022-02-10,17.2,3.2
2022-02-11,19.1,4.7
2022-02-12,15.7,7.9
2022-02-13,16.1,8.2
2022-02-14,14.0,6.4
2022-02-15,15.8,-0.9
2022-02-16,16.6,0.0
2022-02-17,22.0,2.5
2022-02-18,21.6,5.1
2022-02-19,14.6,10.8
2022-02-20,16.0,10.2
2022-02-21,19.5,6.4
2022-02-22,21.7,2.4
2022-02-23,19.2,10.1
2022-02-24,20.6,10.6
2022-02-25,15.4,11.2
2022-02-26,15.6,11.0
2022-02-27,16.2,9.3
2022-02-28,13.9,7.0
2022-03-01,18.1,6.7
2022-03-02,19.8,2.4
2022-03-03,17.6,4.4
2022-03-04,12.9,5.4
2022-03-05,13.8,2.6
2022-03-06,15.7,2.5
2022-03-07,14.9,7.0
2022-03-08,14.6,3.0
2022-03-09,17.2,0.4
2022-03-10,17.7,4.1
2022-03-11,15.1,6.9
2022-03-12,15.1,5.6
2022-03-13,16.7,9.1
2022-03-14,10.5,6.4
2022-03-15,13.9,7.7
2022-03-16,12.3,8.8
2022-03-17,16.2,10.0
2022-03-18,15.9,6.2
2022-03-19,16.4,8.6
2022-03-20,16.7,10.9
2022-03-21,14.4,10.1
2022-03-22,16.7,7.1
2022-03-23,15.6,10.2
2022-03-24,14.1,9.1
2022-03-25,12.7,8.4
2022-03-26,16.4,7.6
2022-03-27,16.6,10.3
2022-03-28,15.0,11.1
2022-03-29,16.6,10.7
2022-03-30,16.3,10.4
2022-03-31,15.6,8.1
2022-04-01,15.6,6.4
2022-04-02,14.7,4.2
2022-04-03,12.6,3.1
2022-04-04,14.6,6.2
2022-04-05,9.8,6.8
2022-04-06,13.5,6.3
2022-04-07,18.7,4.5
2022-04-08,19.3,5.8
2022-04-09,21.4,7.7
2022-04-10,21.7,11.8
2022-04-11,18.7,11.2
2022-04-12,16.1,7.6
2022-04-13,17.8,8.5
2022-04-14,20.8,7.4
2022-04-15,22.7,8.6
2022-04-16,26.1,9.4
2022-04-17,26.8,11.2
2022-04-18,25.9,14.2
2022-04-19,19.9,10.4
2022-04-20,12.5,6.0
2022-04-21,17.5,5.9
2022-04-22,15.4,8.7
2022-04-23,14.7,7.2
2022-04-24,18.1,7.5
2022-04-25,21.0,6.8
2022-04-26,19.2,11.2
2022-04-27,18.9,9.7
2022-04-28,19.8,8.9
2022-04-29,21.6,9.9
2022-04-30,22.6,8.7
2022-05-01,25.8,9.5
2022-05-02,20.2,10.3
2022-05-03,18.4,10.7
2022-05-04,17.6,10.4
2022-05-05,22.0,8.0
2022-05-06,25.2,9.7
2022-05-07,25.9,11.2
2022-05-08,26.9,13.2
2022-05-09,25.8,12.4
2022-05-10,24.5,16.9
2022-05-11,24.9,15.5
2022-05-12,25.4,17.0
2022-05-13,28.3,14.5
2022-05-14,27.6,18.9
2022-05-15,26.2,13.9
2022-05-16,27.7,11.8
2022-05-17,31.4,11.9
2022-05-18,29.2,19.0
2022-05-19,29.4,21.1
2022-05-20,30.1,20.4
2022-05-21,31.1,23.4
2022-05-22,28.2,17.1
2022-05-23,28.8,14.0
2022-05-24,26.0,14.4
2022-05-25,25.5,12.0
2022-05-26,23.4,14.4
2022-05-27,28.1,16.0
2022-05-28,30.2,18.8
2022-05-29,28.2,13.3
2022-05-30,25.1,12.7
2022-05-31,31.7,11.6
2022-06-01,28.9,13.7
2022-06-02,24.4,14.0
2022-06-03,26.9,14.1
2022-06-04,25.8,12.9
2022-06-05,31.7,11.7
2022-06-06,33.4,12.7
2022-06-07,34.6,14.4
2022-06-08,31.8,17.0
2022-06-09,33.1,18.8
2022-06-10,29.7,20.8
2022-06-11,31.2,21.7
2022-06-12,32.6,23.3
2022-06-13,36.8,23.4
2022-06-14,38.0,24.7
2022-06-15,34.5,25.2
2022-06-16,33.8,22.5
2022-06-17,35.5,22.0
2022-06-18,33.8,20.6
2022-06-19,30.3,15.4
2022-06-20,28.9,15.3
2022-06-21,27.5,14.7
2022-06-22,24.5,11.7
2022-06-23,26.9,12.7
2022-06-24,28.3,12.8
2022-06-25,29.5,13.2
2022-06-26,28.7,14.6
2022-06-27,28.2,12.0
2022-06-28,29.7,13.5
2022-06-29,32.9,15.6
2022-06-30,31.6,16.1
2022-07-01,28.9,14.0
2022-07-02,29.6,20.4
2022-07-03,32.7,19.8
2022-07-04,34.3,16.1
2022-07-05,35.5,18.9
2022-07-06,34.5,15.9
2022-07-07,32.6,20.6
2022-07-08,32.1,22.2
2022-07-09,31.2,21.7
2022-07-10,32.5,21.6
2022-07-11,32.4,23.3
2022-07-12,31.9,23.3
2022-07-13,34.6,24.9
2022-07-14,35.3,25.2
2022-07-15,33.9,24.4
2022-07-16,34.1,25.3
2022-07-17,33.9,25.0
2022-07-18,33.9,24.4
2022-07-19,35.9,20.6
2022-07-20,36.3,18.4
2022-07-21,33.0,22.0
2022-07-22,36.1,23.6
2022-07-23,39.2,20.8
2022-07-24,40.7,19.5
2022-07-25,41.1,22.2
2022-07-26,38.4,19.7
2022-07-27,35.3,20.0
2022-07-28,36.3,17.9
2022-07-29,36.7,19.7
2022-07-30,30.6,23.9
2022-07-31,35.8,23.5
2022-08-01,33.3,22.4
2022-08-02,34.7,22.6
2022-08-03,35.8,26.1
2022-08-04,33.3,23.8
2022-08-05,34.2,20.3
2022-08-06,33.3,18.5
2022-08-07,34.0,17.7
2022-08-08,33.8,17.7
2022-08-09,30.4,19.6
2022-08-10,32.3,20.9
2022-08-11,34.7,19.3
2022-08-12,35.9,23.4
2022-08-13,36.4,24.7
2022-08-14,35.5,21.6
2022-08-15,31.4,16.8
2022-08-16,30.4,15.2
2022-08-17,29.3,15.5
2022-08-18,33.0,15.4
2022-08-19,31.2,21.1
2022-08-20,32.6,22.3
2022-08-21,37.9,16.2
2022-08-22,38.2,17.2
2022-08-23,31.9,21.8
2022-08-25,33.3,16.9
2022-08-26,32.5,18.1
2022-08-27,30.8,21.7
2022-08-28,30.7,21.8
2022-08-29,29.9,21.3
2022-08-30,33.4,21.2
2022-08-31,35.1,20.7
2022-09-01,32.4,16.6
2022-09-02,32.4,20.4
2022-09-03,31.0,18.6
2022-09-04,29.8,14.1
2022-09-05,30.1,13.8
2022-09-06,31.1,14.2
2022-09-07,30.4,15.5
2022-09-08,32.0,14.1
2022-09-09,34.1,17.6
2022-09-10,33.7,17.9
2022-09-11,32.7,18.8
2022-09-12,30.3,23.1
2022-09-13,26.6,20.0
2022-09-14,28.1,16.5
2022-09-15,26.3,15.2
2022-09-16,29.2,15.0
2022-09-17,30.3,15.4
2022-09-18,27.5,19.5
2022-09-19,28.4,19.4
2022-09-20,30.0,18.2
2022-09-21,28.6,18.6
2022-09-22,28.3,16.4
2022-09-23,28.9,15.8
2022-09-24,29.9,14.6
2022-09-25,26.2,11.8
2022-09-26,24.3,11.3
2022-09-27,25.6,10.4
2022-09-28,25.7,10.5
2022-09-29,22.6,12.9
2022-09-30,22.5,11.8
2022-10-01,23.5,7.8
2022-10-02,26.2,14.8
2022-10-03,30.2,17.3
2022-10-04,30.3,12.5
2022-10-05,27.1,17.9
2022-10-06,25.3,18.8
2022-10-07,24.9,15.6
2022-10-08,25.7,16.4
2022-10-09,25.4,18.1
2022-10-10,23.5,15.8
2022-10-11,23.9,16.0
2022-10-12,24.8,14.4
2022-10-13,25.1,14.1
2022-10-14,28.0,11.4
2022-10-15,28.5,15.7
2022-10-16,28.7,11.3
2022-10-17,27.9,20.1
2022-10-18,28.0,21.3
2022-10-19,27.6,19.1
2022-10-20,23.4,16.4
2022-10-21,25.6,17.0
2022-10-22,25.6,14.5
2022-10-23,27.8,16.2
2022-10-24,27.6,13.8
2022-10-25,29.0,18.7
2022-10-26,30.8,15.2
2022-10-27,29.7,20.4
2022-10-28,27.1,17.9
2022-10-29,23.4,17.7
2022-10-30,23.9,17.8
2022-10-31,21.4,15.1
2022-11-01,26.3,11.3
2022-11-02,24.4,9.7
2022-11-03,20.0,10.5
2022-11-04,21.0,12.5
2022-11-05,23.2,10.6
2022-11-06,22.6,6.0
2022-11-07,24.5,3.6
2022-11-08,20.4,6.7
2022-11-09,19.3,11.2
2022-11-10,21.6,8.4
2022-11-11,20.6,10.8
2022-11-12,22.8,8.3
2022-11-13,22.1,10.1
2022-11-14,20.6,8.9
2022-11-15,20.0,10.9
2022-11-16,17.5,14.8
2022-11-17,19.1,14.9
2022-11-18,15.5,8.1
2022-11-19,13.5,6.2
2022-11-20,15.2,6.2
2022-11-21,16.8,6.8
2022-11-22,14.6,9.8
2022-11-23,17.4,10.9
2022-11-24,18.9,9.7
2022-11-25,18.6,8.2
2022-11-26,19.8,6.5
2022-11-27,21.9,4.3
2023-01-04,15.5,10.1
2023-01-05,15.6,8.5
2023-01-14,16.8,0.7
2023-01-15,14.3,3.3
2023-01-16,11.3,2.4
2023-01-17,14.6,8.2
2023-01-18,10.5,3.6
2023-01-19,9.9,-0.7
2023-01-20,12.3,8.6
2023-01-21,11.9,6.2
2023-01-22,10.7,-0.4
2023-01-23,10.2,-4.0
2023-01-24,9.1,-3.3
2023-01-25,10.7,-3.0
2023-01-26,8.8,-4.1
2023-01-27,10.0,-4.1
2023-01-28,10.2,-0.3
2023-01-29,12.1,-4.0
2023-01-30,11.8,2.9
2023-01-31,14.3,-0.1
2023-02-01,14.9,-2.7
2023-02-02,13.9,-1.6
2023-02-03,16.2,-2.4
2023-02-04,16.6,-0.3
2023-02-05,18.1,-2.0
2023-02-06,17.5,3.2
2023-02-07,10.7,6.9
2023-02-08,11.6,6.3
2023-02-09,13.8,7.9
2023-02-10,11.9,6.8
2023-02-11,13.2,7.5
2023-02-12,14.9,9.2
2023-02-13,14.4,8.7
2023-02-14,14.4,9.1
2023-02-15,15.4,9.1
2023-02-16,17.1,4.0
2023-02-17,14.6,8.9
2023-02-18,17.6,10.8
2023-02-19,17.0,11.2
2023-02-21,20.6,9.3
2023-02-25,11.2,4.1
2023-02-26,12.7,3.8
2023-02-27,11.6,3.4
2023-02-28,12.1,-0.9
2023-03-01,12.5,-2.7
2023-03-02,12.6,-2.6
2023-03-03,15.8,-3.7
2023-03-04,15.4,4.1
2023-03-05,16.0,6.9
2023-03-06,15.1,5.6
2023-03-07,16.6,9.8
2023-03-08,19.6,11.2
2023-03-09,19.3,10.8
2023-03-10,19.9,11.1
2023-03-12,26.5,6.2
2023-03-13,23.2,10.6
2023-03-14,19.4,8.2
2023-03-15,22.1,4.7
2023-03-16,22.2,14.7
2023-03-17,19.0,7.5
2023-03-18,17.4,9.0
2023-03-19,20.5,4.0
2023-03-20,19.9,4.6
2023-03-21,23.4,4.8
2023-03-22,24.4,5.5
2023-03-23,25.4,5.8
2023-03-24,21.9,6.4
2023-03-25,26.4,7.1
2023-03-26,24.3,8.2
2023-03-27,23.1,7.2
2023-03-28,21.4,9.0
2023-03-29,23.3,11.3
2023-03-30,26.9,6.9
2023-03-31,25.3,9.1
2023-04-01,22.7,11.5
2023-04-02,22.9,9.8
2023-04-04,18.8,11.0
2023-04-05,19.6,6.5
2023-04-06,20.9,10.8
2023-04-07,20.5,12.2
2023-04-08,26.7,12.5
2023-04-09,28.0,7.2
2023-04-10,28.8,11.2
2023-04-11,29.0,8.1
2023-04-12,24.0,9.6
2023-04-13,20.7,9.3
2023-04-14,23.7,6.6
2023-04-15,26.9,9.6
2023-04-16,23.2,12.4
2023-04-17,22.4,13.0
2023-04-18,21.2,12.1
2023-04-19,20.5,12.3
2023-04-20,26.5,8.2
2023-04-21,25.4,9.5
2023-04-22,21.9,10.6
2023-04-23,26.4,7.9
2023-04-24,29.3,9.2
2023-04-25,31.5,11.5
2023-04-26,33.5,12.0
2023-04-27,32.1,16.7
2023-04-28,33.1,20.2
2023-04-29,28.4,16.5
2023-04-30,28.2,13.6
2023-05-01,29.8,12.7
2023-05-02,27.9,16.6
2023-05-03,25.3,16.1
2023-05-04,27.8,10.4
2023-05-05,30.3,10.6
2023-05-06,28.4,13.6
2023-05-07,28.9,13.1
2023-05-08,31.3,13.8
2023-05-09,32.3,15.1
2023-05-10,27.7,15.7
2023-05-11,27.4,15.2
2023-05-12,26.7,14.5
2023-05-13,23.8,12.9
2023-05-14,25.5,10.9
2023-05-15,27.0,10.7
2023-05-16,27.1,12.5
2023-05-17,22.2,11.8
2023-05-18,21.1,11.2
2023-05-19,23.1,8.9
2023-05-20,22.5,10.4
2023-05-21,15.9,11.5
2023-05-22,16.7,11.6
2023-05-23,17.4,11.0
2023-05-24,22.2,11.2
2023-05-25,25.6,12.2
2023-05-26,22.9,15.4
2023-05-27,22.4,15.0
2023-05-28,22.0,13.1
2023-05-29,24.1,11.5
2023-05-30,24.4,12.4
2023-05-31,27.0,12.2
2023-06-01,25.3,13.7
2023-06-02,23.5,16.3
2023-06-03,24.5,14.2
2023-06-04,26.2,14.2
2023-06-05,27.2,15.1
2023-06-06,26.7,17.9
2023-06-07,23.2,17.2
2023-06-08,22.8,16.3
2023-06-09,26.4,15.6
2023-06-10,27.5,16.4
2023-06-11,29.4,15.1
2023-06-12,29.3,15.6
2023-06-13,26.4,16.1
2023-06-14,30.8,15.0
2023-06-15,32.0,16.7
2023-06-16,32.9,19.0
2023-06-17,32.2,21.9
2023-06-18,25.3,18.2
2023-06-19,30.1,17.8
2023-06-20,28.9,17.5
2023-06-21,30.6,19.2
2023-06-22,33.1,16.0
2023-06-23,31.9,22.0
2023-06-24,31.0,21.9
2023-06-25,36.3,22.8
2023-06-26,36.7,25.2
2023-06-27,36.5,23.7
2023-06-28,36.5,21.2
2023-06-30,33.5,19.1
2023-07-01,32.2,20.8
2023-07-02,32.6,21.8
2023-07-03,35.8,20.8
2023-07-05,36.3,18.2
2023-07-06,33.5,18.6
2023-07-07,32.7,21.3
2023-07-08,35.7,17.7
2023-07-09,36.3,19.7
2023-07-10,37.4,22.7
2023-07-11,40.6,26.0
2023-07-12,39.7,21.9
2023-07-13,38.3,19.0
2023-07-14,35.5,23.8
2023-07-15,35.0,20.8
2023-07-16,37.2,18.9
2023-07-17,36.8,25.2
2023-07-18,39.8,24.4
2023-07-19,40.4,24.6
2023-07-20,36.7,23.8
2023-07-21,34.7,18.3
2023-07-22,36.3,17.9
2023-07-23,36.2,21.8
2023-07-24,34.3,23.1
2023-07-25,33.3,18.9
2023-07-26,33.9,16.9
2023-07-27,33.0,19.8
2023-07-28,36.1,17.0
2023-07-29,38.3,18.2
2023-07-30,38.4,20.6
2023-07-31,38.1,19.6
2023-08-02,36.0,19.0
2023-08-03,33.9,21.5
2023-08-04,32.9,17.3
2023-08-05,32.5,21.4
2023-08-06,35.5,24.3
2023-08-07,32.4,23.3
2023-08-08,35.7,23.1
2023-08-09,38.6,21.8
2023-08-10,40.0,24.1
2023-08-11,41.5,20.6
2023-08-12,39.8,22.3
2023-08-13,34.9,22.3
2023-08-14,35.1,21.8
2023-08-15,36.7,19.4
2023-08-16,34.6,20.2
2023-08-17,35.0,18.4
2023-08-18,35.9,17.4
2023-08-19,38.0,18.9
2023-08-20,38.2,21.0
2023-08-21,34.9,22.9
2023-08-22,33.9,25.1
2023-08-23,33.7,24.8
2023-08-24,37.3,25.0
2023-08-25,40.8,21.3
2023-08-26,39.6,21.9
2023-08-27,29.2,16.8
2023-08-28,31.8,14.4
2023-08-29,33.5,15.0
2023-08-30,31.8,16.2
2023-08-31,29.8,20.8
2023-09-01,31.4,21.1
2023-09-02,26.7,19.4
2023-09-03,19.6,16.2
2023-09-04,27.0,16.0
2023-09-05,29.1,15.2
2023-09-06,29.4,15.9
2023-09-12,29.0,16.1
2023-09-13,29.6,15.8
2023-09-14,28.5,20.7
2023-09-15,29.5,19.2
2023-09-16,28.8,16.0
2023-09-17,22.1,14.5
2023-09-18,23.4,11.2
2023-09-19,27.4,12.1
2023-09-21,25.2,12.1
2023-09-22,21.5,14.0
2023-09-23,25.8,9.6
2023-09-24,26.9,18.1
2023-09-25,27.6,17.5
2023-09-26,27.5,18.6
2023-09-27,28.3,18.5
2023-09-28,29.9,15.5
2023-09-29,29.7,15.7
2023-09-30,28.1,19.3
2023-10-01,30.5,20.4
2023-10-02,31.2,20.5
2023-10-04,26.9,19.0
2023-10-05,28.7,17.5
2023-10-06,29.7,19.4
2023-10-07,30.0,21.5
2023-10-08,27.7,18.6
2023-10-09,25.4,18.9
2023-10-10,25.6,18.0
2023-10-11,26.9,14.3
2023-10-12,26.9,15.9
2023-10-13,27.6,18.8
2023-10-14,25.3,16.0
2023-10-15,25.7,11.6
2023-10-16,25.6,17.2
2023-10-17,27.2,20.3
2023-10-18,24.9,16.7
2023-10-19,23.4,14.1
2023-10-20,18.8,12.6
2023-10-21,18.9,9.9
2023-10-22,20.3,11.4
2023-10-23,18.2,12.4
2023-10-26,21.4,13.3
2023-10-27,19.2,12.3
2023-10-28,20.4,9.8
2023-10-29,20.6,8.0
2023-10-30,18.0,11.5
2023-10-31,15.4,9.6
2023-11-01,20.6,8.8
2023-11-02,20.4,11.9
2023-11-03,15.6,10.4
2023-11-04,19.9,9.1
2023-11-05,17.0,9.0
2023-11-06,15.7,7.2
2023-11-07,16.1,3.2
2023-11-08,17.0,2.9
2023-11-10,17.2,10.5
2023-11-11,18.2,10.4
2023-11-12,21.4,7.4
2023-11-13,24.6,7.8
2023-11-14,26.2,7.4
2023-11-15,27.9,7.0
2023-11-16,24.2,7.5
2023-11-17,25.1,6.2
2023-11-18,21.6,7.9
2023-11-19,22.8,10.6
2023-11-20,21.4,5.5
2023-11-21,15.6,8.5
2023-11-22,15.4,4.1
2023-11-23,16.8,1.3
2023-11-24,17.0,0.4
2023-11-25,16.9,0.1
2023-11-26,18.4,0.4
2023-11-27,14.8,5.1
2023-11-28,14.9,6.0
2023-11-29,19.1,10.8
2023-11-30,19.0,13.8
2023-12-01,17.2,6.6
2023-12-02,11.8,2.2
2023-12-03,14.3,-0.2
2023-12-04,11.6,4.9
2023-12-05,13.3,5.8
2023-12-06,14.2,9.5
2023-12-07,16.7,11.9
2023-12-09,16.2,6.1
2023-12-10,17.9,5.8
2023-12-11,22.5,4.2
2023-12-12,20.7,6.1
2023-12-13,13.8,7.1
2023-12-14,13.3,2.1
2023-12-15,14.7,0.3
2023-12-16,15.7,4.8
2023-12-18,14.2,2.4
2023-12-19,14.0,-1.5
2023-12-20,10.1,-1.6
2023-12-21,14.0,-1.9
2023-12-22,16.9,-0.7
2023-12-23,16.8,-0.5
2023-12-24,15.1,-0.8
2023-12-25,14.2,-0.1
2023-12-26,14.6,-2.2
2023-12-27,15.8,-1.8
2023-12-28,15.6,1.3
2023-12-29,15.8,5.3
2023-12-30,16.6,5.3
2023-12-31,15.0,0.3
2024-01-01,15.3,5.7
2024-01-02,17.1,1.2
2024-01-03,17.8,2.8
2024-01-04,15.5,7.6
2024-01-05,11.3,4.6
2024-01-06,9.2,1.5
2024-01-07,11.7,-2.0
2024-01-08,12.2,-2.0
2024-01-09,9.8,5.7
2024-01-10,12.0,5.3
2024-01-11,12.2,4.3
2024-01-12,12.9,6.2
2024-01-13,14.9,7.4
2024-01-14,23.4,3.6
2024-01-15,18.1,4.2
2024-01-16,19.3,4.3
2024-01-17,17.6,11.5
2024-01-18,17.3,7.7
2024-01-19,15.3,10.0
2024-01-20,13.3,5.6
2024-01-21,14.4,6.8
2024-01-22,15.3,1.9
2024-01-24,20.3,10.1
2024-01-25,23.3,10.2
2024-01-26,24.4,6.0
2024-01-27,21.4,11.6
2024-01-28,17.9,8.9
2024-01-29,15.7,11.0
2024-01-30,15.3,10.9
2024-01-31,15.2,10.9
2024-02-01,15.0,9.1
2024-02-02,19.1,2.1
2024-02-03,15.1,10.5
2024-02-04,17.5,7.8
2024-02-05,18.0,1.2
2024-02-06,18.1,4.7
2024-02-07,16.7,3.4
2024-02-08,16.5,4.1
2024-02-09,14.9,10.5
2024-02-10,14.0,7.9
2024-02-11,14.3,6.2
2024-02-12,18.6,12.0
2024-02-13,19.6,11.3
2024-02-14,21.6,14.9
2024-02-15,19.8,10.5
2024-02-16,15.1,8.2
2024-02-17,18.2,4.7
2024-02-18,18.3,6.2
2024-02-19,20.8,4.4
2024-02-20,21.3,7.3
2024-02-21,22.4,3.8
2024-02-22,18.8,8.7
2024-02-23,13.5,6.7
2024-02-24,13.3,7.1
2024-02-25,15.8,6.1
2024-02-26,13.0,7.1
2024-02-27,13.1,4.4
2024-02-28,14.0,2.1
2024-02-29,15.5,1.1
2024-03-01,13.5,2.9
2024-03-02,14.3,0.8
2024-03-03,12.4,5.3
2024-03-04,15.3,6.8
2024-03-05,16.2,5.1
2024-03-06,17.6,0.6
2024-03-07,15.4,7.1
2024-03-08,12.3,5.5
2024-03-09,11.2,6.4
2024-03-10,14.5,8.0
2024-03-11,14.8,5.0
2024-03-12,17.3,2.4
2024-03-13,18.4,9.1
2024-03-14,19.8,5.0
2024-03-15,20.6,10.2
2024-03-16,23.4,6.9
2024-03-17,24.5,13.9
2024-03-18,26.7,8.3
2024-03-19,27.4,12.9
2024-03-20,21.7,12.2
2024-03-21,21.3,11.7
2024-03-22,26.9,14.6
2024-03-23,26.3,13.0
2024-03-24,22.6,12.8
2024-03-25,14.8,10.6
2024-03-26,11.9,5.1
2024-03-27,17.0,8.9
2024-03-28,15.4,11.9
2024-03-29,13.7,7.9
2024-03-30,11.7,6.8
2024-03-31,11.5,5.6
2024-04-01,16.7,4.8
2024-04-02,19.2,4.5
2024-04-03,21.2,6.4
2024-04-04,22.8,8.1
2024-04-05,24.8,16.3
2024-04-06,25.2,16.5
2024-04-07,23.6,14.0
2024-04-08,19.9,9.7
2024-04-09,20.8,6.4
2024-04-10,21.8,7.8
2024-04-11,24.9,7.4
2024-04-12,19.7,12.6
2024-04-13,23.7,13.1
2024-04-14,23.1,13.7
2024-04-15,28.1,8.5
2024-04-16,28.9,12.4
2024-04-17,26.3,11.3
2024-04-18,24.5,11.7
2024-04-19,18.7,13.4
2024-04-20,20.1,12.3
2024-04-21,19.3,12.1
2024-04-22,24.1,8.5
2024-04-23,22.4,11.5
2024-04-24,23.1,5.3
2024-04-25,22.5,9.2
2024-04-26,19.9,8.0
2024-04-27,18.6,9.5
2024-04-28,18.4,6.6
2024-04-30,18.1,5.7
2024-05-01,16.8,9.0
2024-05-02,17.4,5.3
2024-05-03,23.1,5.7
2024-05-04,26.8,7.2
2024-05-05,25.3,9.2
2024-05-06,23.1,14.5
2024-05-07,24.0,10.2
2024-05-08,23.5,13.7
2024-05-09,23.7,14.2
2024-05-10,23.8,15.8
2024-05-11,25.1,14.4
2024-05-12,29.0,9.4
2024-05-13,29.5,13.7
2024-05-14,22.5,12.9
2024-05-15,21.0,9.1
2024-05-16,21.7,9.6
2024-05-17,22.0,10.5
2024-05-18,24.5,8.8
2024-05-19,23.4,9.2
2024-05-20,22.7,10.0
2024-05-21,22.8,9.3
2024-05-22,25.9,9.6
2024-05-23,25.8,10.8
2024-05-24,28.9,14.0
2024-05-25,31.1,13.7
2024-05-26,31.5,15.9
2024-05-27,32.3,15.9
2024-05-28,26.2,17.1
2024-05-29,29.5,16.0
2024-05-30,34.6,16.3
2024-05-31,29.3,16.9
2024-06-01,25.0,17.1
2024-06-02,24.4,16.7
2024-06-03,26.0,17.1
2024-06-04,29.3,16.8
2024-06-05,30.6,15.4
2024-06-06,33.8,22.9
2024-06-07,27.9,18.0
2024-06-08,24.5,14.3
2024-06-09,22.0,13.1
2024-06-10,26.6,14.8
2024-06-11,27.6,14.1
2024-06-12,28.6,14.3
2024-06-13,29.1,17.1
2024-06-14,33.8,15.4
2024-06-15,30.9,18.5
2024-06-16,31.8,13.2
2024-06-17,32.7,14.4
2024-06-18,28.9,15.4
2024-06-19,24.5,14.4
2024-06-20,24.1,11.4
2024-06-21,29.9,12.8
2024-06-22,32.9,15.1
2024-06-23,34.0,16.9
2024-06-24,30.1,20.1
2024-06-25,32.2,18.9
2024-06-26,30.4,19.2
2024-06-27,25.0,16.0
2024-06-28,24.2,16.2
2024-06-29,25.1,16.0
2024-06-30,29.1,14.9
2024-07-01,30.8,15.8
2024-07-02,32.9,16.9
2024-07-03,36.2,17.7
2024-07-04,35.2,22.7
2024-07-05,33.8,22.4
2024-07-06,29.2,18.4
2024-07-07,31.2,16.3
2024-07-08,31.6,15.0
2024-07-09,34.8,17.2
2024-07-10,38.1,16.9
2024-07-18,33.1,20.7
2024-07-19,39.7,22.6
2024-07-20,38.6,20.1
2024-07-21,33.6,21.0
2024-07-22,31.8,21.1
2024-07-23,34.7,23.5
2024-07-24,38.7,18.8
2024-07-25,39.4,20.0
2024-07-26,35.8,20.2
2024-07-27,34.9,20.9
2024-07-28,31.0,21.1
2024-07-29,34.2,24.5
2024-07-30,36.6,22.1
2024-07-31,40.1,21.6
2024-08-01,38.6,21.5
2024-08-02,35.8,19.6
2024-08-03,34.4,18.9
2024-08-04,35.2,20.6
2024-08-05,37.2,18.5
2024-08-06,37.1,20.2
2024-08-07,37.9,19.8
2024-08-08,35.7,20.9
2024-08-09,35.8,21.3
2024-08-10,32.6,21.5
2024-08-11,33.4,23.1
2024-08-12,37.0,19.6
2024-08-13,33.2,19.1
2024-08-14,32.4,16.6
2024-08-15,33.5,21.8
2024-08-16,33.4,22.3
2024-08-17,35.4,21.5
2024-08-18,38.3,19.7
2024-08-19,36.5,22.7
2024-08-20,36.3,21.5
2024-08-21,32.4,22.3
2024-08-22,34.3,20.6
2024-08-23,33.6,20.9
2024-08-24,34.5,23.0
2024-08-25,34.9,22.2
2024-08-26,31.5,23.5
2024-08-27,32.8,23.2
2024-08-28,31.5,21.6
2024-08-29,29.7,22.5
2024-08-30,30.5,22.2
2024-08-31,32.5,22.5
2024-09-01,33.0,22.3
2024-09-02,33.6,20.1
2024-09-03,32.3,18.5
2024-09-04,30.3,14.3
2024-09-05,30.4,17.5
2024-09-06,31.7,17.8
2024-09-07,30.3,12.1
2024-09-08,28.6,16.5
2024-09-09,28.4,13.3
2024-09-10,28.9,13.7
2024-09-11,28.6,14.6
2024-09-12,30.1,15.1
2024-09-13,28.0,15.7
2024-09-14,25.2,19.7
2024-09-15,28.1,18.7
2024-09-16,29.9,17.9
2024-09-17,25.6,18.9
2024-09-18,25.8,19.3
2024-09-19,23.8,19.2
2024-09-20,24.9,19.1
2024-09-21,25.4,18.1
2024-09-22,26.1,13.2
2024-09-23,25.5,13.3
2024-09-24,24.2,10.1
2024-09-25,25.4,13.1
2024-09-26,26.8,16.4
2024-10-09,24.6,11.9
2024-10-10,20.7,14.4
2024-10-11,23.2,13.0
2024-10-12,23.6,15.9
2024-10-13,23.8,16.7
2024-10-14,23.1,17.2
2024-10-15,21.4,16.2
2024-10-17,19.2,12.4
2024-10-18,19.0,10.5
2024-10-19,22.6,12.9
2024-10-20,26.3,11.7
2024-10-21,24.5,12.1
2024-10-22,22.7,16.6
2024-10-23,22.3,16.4
2024-10-24,22.0,17.0
2024-10-25,22.6,12.8
2024-10-26,15.6,7.7
2024-10-27,14.9,8.1
2024-10-28,14.9,6.9
2024-10-29,12.6,10.1
2024-10-30,15.9,9.9
2024-10-31,17.7,13.9
2024-11-01,19.3,14.3
2024-11-02,20.0,13.2
2024-11-03,20.6,13.8
2024-11-04,22.4,16.0
2024-11-05,22.4,13.1
2024-11-06,19.7,12.3
2024-11-07,20.4,15.9
2024-11-08,19.8,13.4
2024-11-09,20.7,12.8
2024-11-10,20.7,8.2
2024-11-11,20.3,7.9
2024-11-12,19.5,11.7
2024-11-13,13.3,8.6
2024-11-14,18.8,10.8
2024-11-15,19.8,12.3
2024-11-16,20.1,14.9
2024-11-17,19.1,12.0
2024-11-18,19.9,8.1
2024-11-21,12.9,9.2
2024-11-22,16.5,12.0
2024-11-23,18.3,6.2
2024-11-24,18.6,13.9
2024-11-25,21.5,12.7
2024-11-26,18.1,10.7
2024-11-27,18.8,9.5
2024-11-28,18.3,12.9
2024-11-29,17.8,9.7
2024-11-30,22.8,6.5
2024-12-01,20.0,7.1
2024-12-02,20.2,11.8
2024-12-03,17.7,7.2
2024-12-04,13.9,7.8
2024-12-05,17.0,4.2
2024-12-06,19.2,4.2
2024-12-07,17.4,5.9
2024-12-08,14.2,3.0
2024-12-09,10.3,0.3
2024-12-10,12.5,-2.3
2024-12-11,12.2,-1.8
2024-12-12,10.4,2.0
2024-12-13,14.5,4.8
2024-12-14,14.0,0.7
2024-12-15,14.4,0.0
2024-12-16,14.1,9.3
2024-12-17,15.8,7.8
2024-12-18,20.4,5.4
2024-12-19,17.3,7.2
2024-12-20,13.7,4.2
2024-12-21,14.4,0.7
2024-12-22,16.1,0.2
2024-12-23,17.1,-0.3
2024-12-24,14.4,0.2
2024-12-25,18.4,0.0
2024-12-26,15.5,10.7
2024-12-27,13.9,10.0
2024-12-28,14.2,6.1
2024-12-29,13.9,2.6
2024-12-30,14.6,3.6
2024-12-31,13.1,0.0
2025-01-01,13.6,1.2
2025-01-02,14.7,-0.6
2025-01-03,14.7,-1.1
2025-01-04,14.3,-0.8
2025-01-05,16.3,2.1
2025-01-06,13.5,5.7
2025-01-07,12.7,0.9
2025-01-08,16.2,1.1
2025-01-09,16.5,8.7
2025-01-11,15.4,7.8
2025-01-12,17.4,5.5
2025-01-13,13.9,-0.2
2025-01-14,12.2,1.9
2025-01-15,13.6,-3.5
2025-01-16,13.6,-3.6
2025-01-17,12.8,0.9
2025-01-18,14.2,-1.0
2025-01-19,14.7,-1.7
2025-01-20,12.2,4.2
2025-01-21,17.9,9.4
2025-01-22,19.7,13.0
2025-01-23,18.9,9.1
2025-01-24,19.2,3.7
2025-01-25,14.3,7.3
2025-01-26,17.3,6.0
2025-01-29,13.9,2.1
2025-01-30,12.1,5.2
2025-01-31,13.0,0.2
2025-02-01,13.1,-0.6
2025-02-02,12.6,4.1
2025-02-03,9.1,5.6
2025-02-04,13.9,1.7
2025-02-05,15.4,0.0
2025-02-06,14.8,1.1
2025-02-07,15.6,0.2
2025-02-08,12.9,4.4
2025-02-09,15.7,0.9
2025-02-10,15.4,7.5
2025-02-11,15.0,10.2
2025-02-12,13.9,7.3
2025-02-13,17.3,2.6
2025-02-14,19.8,1.7
2025-02-15,19.9,2.2
2025-02-16,17.7,7.7
2025-02-17,19.4,5.3
2025-02-18,16.3,10.4
2025-02-19,19.1,8.3
2025-02-20,19.5,5.6
2025-02-21,15.4,10.4
2025-02-22,15.4,8.4
2025-02-23,18.0,4.0
2025-02-24,17.9,3.4
2025-02-25,17.7,3.6
2025-02-26,17.0,5.1
2025-02-27,16.5,6.7
2025-02-28,13.9,7.8
2025-03-01,14.5,7.4
2025-03-02,12.8,8.6
2025-03-03,12.7,8.6
2025-03-04,17.3,7.1
2025-03-05,14.4,9.8
2025-03-06,15.4,9.2
2025-03-07,14.8,10.8
2025-03-08,13.6,6.3
2025-03-09,11.5,5.2
2025-03-10,14.1,7.5
2025-03-11,16.5,9.4
2025-03-12,14.1,8.4
2025-03-13,13.0,8.8
2025-03-14,14.2,6.9
2025-03-15,13.4,2.9
2025-03-16,14.8,6.8
2025-03-17,13.5,9.9
2025-03-18,16.7,8.9
2025-03-19,17.1,6.8
2025-03-20,17.6,11.9
2025-03-21,16.2,9.0
2025-03-22,13.3,7.0
2025-03-23,9.7,5.8
2025-03-24,14.0,3.4
2025-03-25,16.1,4.8
2025-03-26,18.3,4.3
2025-03-27,18.3,5.4
2025-03-30,18.2,7.1
2025-03-31,20.5,10.2
2025-04-01,20.0,7.3
2025-04-02,21.0,8.7
2025-04-03,16.6,10.2
2025-04-04,17.1,10.1
2025-04-05,17.1,9.3
2025-04-06,18.5,7.8
2025-04-07,21.8,9.7
2025-04-08,22.9,12.3
2025-04-09,23.2,15.9
2025-04-10,19.8,14.3
2025-04-11,19.8,12.9
2025-04-12,18.8,11.8
2025-04-13,20.3,11.1
2025-04-14,18.3,9.9
2025-04-15,15.2,6.0
2025-04-16,15.5,3.9
2025-04-17,18.0,10.5
2025-04-18,21.5,8.6
2025-04-19,16.3,7.4
2025-04-20,17.2,5.5
2025-04-21,21.0,9.0
2025-04-22,20.6,8.0
2025-04-23,22.0,7.7
2025-04-24,25.1,13.6
2025-04-25,26.7,13.5
2025-04-26,23.4,13.0
2025-04-27,23.9,10.3
2025-04-30,19.3,12.4
2025-05-01,20.7,12.4
2025-05-02,21.9,12.7
2025-05-03,21.0,9.2
2025-05-04,20.4,9.8
2025-05-05,19.5,12.0
2025-05-06,21.8,10.7
2025-05-07,21.2,10.3
2025-05-08,19.2,10.7
2025-05-09,21.4,9.0
2025-05-10,22.1,10.9
2025-05-11,20.9,8.1
2025-05-12,21.6,7.5
2025-05-13,21.8,7.9
2025-05-14,22.8,9.5
2025-05-15,21.9,9.5
2025-05-16,25.6,9.2
2025-05-17,25.5,11.0
2025-05-18,25.7,14.5
2025-05-19,23.7,10.5
2025-05-20,27.6,10.8
2025-05-21,28.1,11.3
2025-05-22,30.3,13.0
2025-05-23,22.1,15.4
2025-05-24,25.1,14.3
2025-05-25,29.5,10.7
2025-05-26,32.0,13.0
2025-05-27,29.8,14.7
2025-05-28,31.5,14.7
2025-05-29,32.3,21.4
2025-05-30,33.1,22.9
2025-05-31,33.9,22.5
2025-06-01,32.5,20.5
2025-06-02,30.0,17.2
2025-06-03,24.4,15.5
2025-06-04,26.4,10.9
2025-06-05,30.7,12.9
2025-06-06,33.4,15.2
2025-06-07,35.9,15.9
2025-06-08,36.2,17.6
2025-06-09,29.3,20.4
2025-06-10,30.8,20.2
2025-06-11,30.3,17.5
2025-06-12,31.4,13.6
2025-06-13,32.7,15.9
2025-06-14,32.8,17.7
2025-06-15,34.4,18.4
2025-06-16,32.4,22.0
2025-06-17,35.8,19.7
2025-06-18,37.1,18.5
2025-06-19,36.5,22.5
2025-06-20,34.7,23.3
2025-06-21,35.9,22.5
2025-06-22,34.8,24.1
2025-06-23,35.6,24.9
2025-06-24,30.4,18.5
2025-06-25,31.2,14.3
2025-06-26,35.3,16.7
2025-06-27,33.5,21.4
2025-06-28,35.0,20.8
2025-06-29,35.2,23.8
2025-06-30,35.3,24.3
2025-07-01,35.2,25.0
2025-07-02,34.4,25.1
2025-07-03,32.9,24.6
2025-07-04,32.6,22.5
2025-07-05,34.3,21.9
2025-07-06,35.5,18.8
2025-07-07,37.9,21.1
2025-07-08,32.3,21.6
2025-07-09,32.1,22.6
2025-07-15,37.9,19.9
2025-07-16,36.7,21.0
2025-07-17,39.1,21.5
2025-07-18,36.0,19.9
2025-07-19,32.7,18.3
2025-07-20,32.9,16.7
2025-07-21,34.2,18.0
2025-07-22,33.6,16.8
2025-07-23,35.2,17.4
2025-07-24,32.4,20.8
2025-07-25,29.3,21.8
2025-07-26,31.1,21.2
2025-07-27,36.9,19.7
2025-07-28,37.8,19.3
2025-07-29,31.0,22.4
2025-08-01,32.3,20.9
2025-08-02,32.0,20.7
2025-08-03,33.1,21.6
2025-08-04,31.6,21.8
2025-08-07,35.8,19.7
2025-08-08,33.7,22.0
2025-08-09,32.7,21.0
2025-08-10,33.9,23.5
2025-08-11,36.2,21.8
2025-08-12,37.3,21.1
2025-08-13,34.9,24.9
2025-08-14,34.9,25.3
2025-08-15,35.3,25.9
2025-08-16,37.5,22.6
2025-08-17,41.4,20.7
2025-08-18,40.4,22.0
2025-08-19,33.0,20.1
2025-08-20,30.0,17.5
2025-08-21,32.0,16.9
2025-08-22,32.6,16.7
2025-08-23,31.4,19.7
2025-08-24,30.0,18.4
2025-08-25,35.6,21.8
2025-08-26,34.2,20.7
2025-08-27,32.4,21.0
2025-08-28,27.6,17.5
2025-08-29,29.1,13.8
2025-08-30,33.8,16.3
2025-08-31,32.3,16.3
2025-09-01,26.0,15.2
2025-09-02,30.5,11.8
2025-09-03,32.3,12.9
2025-09-04,33.8,14.3
2025-09-05,30.3,14.3
2025-09-06,29.0,21.6
2025-09-07,29.1,20.4
2025-09-08,32.3,21.7
2025-09-09,25.5,15.8
2025-09-10,27.1,12.6
2025-09-11,31.4,14.9
2025-09-12,32.9,14.5
2025-09-13,34.4,16.1
2025-09-14,34.4,15.8
2025-09-15,30.8,20.2
2025-09-16,31.3,19.0
2025-09-17,31.0,20.9
2025-09-18,32.3,18.8
2025-09-19,29.5,21.8
2025-09-20,29.5,21.2
2025-09-21,30.4,16.7
2025-09-23,27.2,7.9
2025-09-24,25.4,15.4
2025-09-25,26.0,15.3
2025-09-26,27.6,12.3
2025-09-27,28.5,12.5
2025-09-28,24.2,17.5
2025-09-30,25.8,16.1
2025-10-01,26.3,18.7
2025-10-02,26.2,16.2
2025-10-04,30.7,14.4
2025-10-05,30.2,12.2
2025-10-06,24.9,19.5
2025-10-08,26.9,14.2
2025-10-09,24.9,11.3
2025-10-10,24.8,15.4
2025-10-11,25.0,12.5
2025-10-12,25.2,13.9
2025-10-13,26.3,15.0
2025-10-14,27.5,12.3
2025-10-15,24.5,17.3
2025-10-16,23.8,18.0
2025-10-17,23.3,16.4
2025-10-19,23.9,16.8
2025-10-20,23.2,11.2
2025-10-21,24.0,12.1
2025-10-22,24.8,16.0
2025-10-23,26.7,14.4
2025-10-24,29.2,12.0
2025-10-25,29.7,11.8
2025-10-26,22.8,16.2
2025-10-27,22.2,15.6
2025-10-28,21.1,15.3
2025-10-29,20.1,15.6
2025-10-31,23.0,11.1
2025-11-01,21.1,10.7
2025-11-02,19.9,11.3
2025-11-03,21.5,8.5
2025-11-04,20.3,15.4
2025-11-06,16.1,8.6
2025-11-07,17.9,5.3
2025-11-08,17.3,7.9
2025-11-09,19.1,3.7
2025-11-10,19.3,5.5
2025-11-11,21.8,2.8
2025-11-12,22.8,16.4
2025-11-13,20.1,14.2
2025-11-14,16.6,12.6
2025-11-15,16.6,13.4
2025-11-16,17.2,10.3
2025-11-17,13.4,9.0
2025-11-18,15.4,7.4
2025-11-19,16.3,3.3
2025-11-20,13.5,3.2
2025-11-21,13.6,0.2
2025-11-22,14.1,2.4
2025-11-23,16.2,1.4
2025-11-24,14.7,3.8
2025-11-25,13.7,6.6
2025-11-26,14.2,1.2
2025-11-27,14.6,-1.2
2025-11-29,15.8,0.4
2025-11-30,12.3,6.3
2025-12-01,14.7,4.9
2025-12-02,13.5,3.4
2025-12-03,10.5,2.3
2025-12-04,13.0,1.0
2025-12-05,15.0,6.5
2025-12-06,15.6,8.3
2025-12-07,15.7,5.1
2025-12-08,16.8,3.4
2025-12-09,20.0,2.1
2025-12-10,12.3,8.8
2025-12-11,15.2,5.3
2025-12-12,13.2,10.4
2025-12-13,16.5,8.0
2025-12-14,16.8,5.4
2025-12-15,14.1,8.1
2025-12-16,11.1,5.7
2025-12-17,13.2,3.9
2025-12-18,15.3,2.4
2025-12-19,13.8,6.5
2025-12-20,11.1,5.7
2025-12-21,8.9,3.9
2025-12-22,8.4,1.6
2025-12-23,9.5,4.4
2025-12-24,11.3,3.9
2025-12-25,10.8,3.7
2025-12-26,11.3,3.6
2025-12-27,11.1,-0.1
2025-12-28,11.9,5.2
2025-12-29,13.1,0.6
2025-12-30,12.7,0.4
2025-12-31,12.1,0.5
2026-01-01,12.6,9.8
2026-01-02,14.9,10.9
2026-01-03,13.3,11.0
2026-01-04,12.1,9.8
2026-01-05,11.9,5.6
2026-01-06,7.4,-0.2
2026-01-07,9.2,-3.4
2026-01-08,11.4,3.4
2026-01-09,12.1,5.9
2026-01-10,11.4,2.5
2026-01-11,12.7,-0.1
2026-01-12,16.7,-0.8
2026-01-13,14.0,7.9
2026-01-14,13.0,5.7
2026-01-15,12.3,2.8
2026-01-16,12.6,7.3
2026-01-17,9.2,2.8
2026-01-18,10.0,0.8
2026-01-19,11.1,-1.4
2026-01-20,10.7,-0.6
2026-01-21,12.5,1.7
2026-01-23,13.2,5.1
2026-01-24,8.8,2.5
2026-01-25,12.2,6.2
2026-01-26,14.7,10.7
2026-01-27,13.0,8.1
2026-01-28,13.8,8.2
2026-01-29,16.1,13.4
2026-01-30,15.6,10.8
2026-01-31,13.0,5.8
2026-02-01,15.3,5.5
2026-02-02,12.6,5.9
2026-02-03,11.6,5.3
2026-02-04,14.2,7.9
2026-02-05,15.1,10.1
2026-02-06,13.4,6.0
2026-02-07,12.6,5.4
2026-02-08,12.1,7.0
2026-02-09,16.7,7.9
2026-02-10,17.4,13.5
2026-02-11,17.9,13.5
2026-02-12,16.4,11.6
2026-02-13,14.1,6.7
2026-02-14,11.6,5.1
2026-02-15,13.3,1.0
